position,block_id,release_year,artist,title,intended_version,scene_or_country,route_tags,primary_teaching_job,selection_status,metadata_status,metadata_source_url,soundcloud_status,soundcloud_url,soundcloud_id,soundcloud_uploader,soundcloud_duration_ms,soundcloud_access,resolution_note,guide_anchor,notes
1,HH01,1968,Pigmeat Markham,Here Comes the Judge,original single version,United States,spoken-rhythm; comedy; precursor,Comic rhythmic address and mass-media crossover,selected_main_route,verified_musicbrainz,https://musicbrainz.org/recording/8ce34c68-516c-41fb-8258-f45a5dae0146,resolved_exact,https://soundcloud.com/pigmeat-markham/here-comes-the-judge,253008898,Pigmeat Markham,160914,subscriber_catalog,"Structured SoundCloud catalog metadata matches artist, title, and intended unaltered version.",track-001,Context only; do not declare direct invention
2,HH01,1969,King Stitt,Fire Corner,original single version,Jamaica,sound-system; deejay; precursor,Jamaican deejay address and version culture,selected_main_route,verified_musicbrainz,https://musicbrainz.org/recording/6d63e117-5440-489b-9e2d-22cff8b5f4b1,resolved_exact,https://soundcloud.com/kingstitt-music/fire-corner,1340286832,King Stitt,172069,open_or_monetized,"Structured SoundCloud catalog metadata matches artist, title, and intended unaltered version.",track-002,Transnational context
3,HH01,1970,The Last Poets,When the Revolution Comes,original album version,New York,spoken-word; political; precursor,Militant ensemble speech and percussion,selected_main_route,verified_musicbrainz,https://musicbrainz.org/recording/09c290f6-56d8-4eb1-b904-608c2ffac9f3,resolved_exact_unofficial,https://soundcloud.com/dexter-morgan-831382115/when-the-revolution-comes,282999874,dexter morgan,149956,open_or_monetized,"The audio and publisher metadata identify The Last Poets' original recording, but the SoundCloud uploader is the unrelated user dexter morgan. The link is an availability source, not an artist attribution.",track-003,Recognition prompt remains open
4,HH01,1970,U-Roy,Wake the Town,original single version,Jamaica,sound-system; deejay; version,Recorded deejay performance over an existing rhythm,selected_main_route,verified_soundcloud_catalog,https://soundcloud.com/u-roy/wake-the-town-1,resolved_exact,https://soundcloud.com/u-roy/wake-the-town-1,743027314,U-Roy,242442,subscriber_catalog,"Structured SoundCloud catalog metadata matches artist, title, and intended unaltered version.",track-004,Do not reduce hip-hop to a single Jamaican parent line
5,HH01,1970,James Brown,Funky Drummer,complete original single performance,Cincinnati / United States,funk; break; drums,Clyde Stubblefield break as later sample material,selected_main_route,verified_soundcloud_catalog,https://soundcloud.com/james-brown-music/funky-drummer,resolved_exact,https://soundcloud.com/james-brown-music/funky-drummer,255780367,James Brown,334502,subscriber_catalog,"Structured SoundCloud catalog metadata matches artist, title, and intended unaltered version.",track-005,Exact full version requires verification
6,HH01,1971,The Watts Prophets,Dem Niggers Ain't Playing,original album version,Los Angeles,spoken-word; political; precursor,West Coast Black Arts rhythmic speech,selected_main_route,metadata_source_incomplete,https://musicbrainz.org/recording/9fc8df53-76f1-494a-9516-def9adceaf0e,unavailable_exact,,,,,,Only a mashup and uncertain user uploads were found; no exact original-album recording is accepted.,track-006,Title is historical artist wording
7,HH01,1971,Gil Scott-Heron,The Revolution Will Not Be Televised,full-band Pieces of a Man version,New York,spoken-word; jazz; political,Media critique and rhythmic address,selected_main_route,verified_soundcloud_catalog,https://soundcloud.com/gil-scott-heron-official/the-revolution-will-not-be,resolved_exact,https://soundcloud.com/gil-scott-heron-official/the-revolution-will-not-be,277500337,Gil Scott-Heron,187376,open_or_monetized,"Structured SoundCloud catalog metadata matches artist, title, and intended unaltered version.",track-007,Distinguish from earlier Small Talk version
8,HH01,1972,The Jimmy Castor Bunch,It's Just Begun,original album version,New York,funk; break; dance,Break culture and b-boy afterlife,selected_main_route,verified_soundcloud_catalog,https://soundcloud.com/thejimmycastorbunch/its-just-begun-1,resolved_exact,https://soundcloud.com/thejimmycastorbunch/its-just-begun-1,960959827,The Jimmy Castor Bunch,210390,subscriber_catalog,"Structured SoundCloud catalog metadata matches artist, title, and intended unaltered version.",track-008,Verify album timing
9,HH01,1972,Babe Ruth,The Mexican,original First Base album version,United Kingdom,rock; break; transatlantic,Unexpected break source and transatlantic record circulation,selected_main_route,verified_soundcloud_catalog,https://soundcloud.com/babe-ruth-official/the-mexican,resolved_exact,https://soundcloud.com/babe-ruth-official/the-mexican,254613379,Babe Ruth,205968,subscriber_catalog,"Structured SoundCloud catalog metadata matches artist, title, and intended unaltered version.",track-009,Not a rap record
10,HH01,1972,Cymande,Bra,original album version,United Kingdom,funk; break; diaspora,Diasporic British funk in break selection,selected_main_route,verified_soundcloud_catalog,https://soundcloud.com/cymandeofficial/bra,resolved_exact,https://soundcloud.com/cymandeofficial/bra,1178825680,Cymande,306390,open_or_monetized,"Structured SoundCloud catalog metadata matches artist, title, and intended unaltered version.",track-010,Not a rap record
11,HH01,1973,The Incredible Bongo Band,Apache,original Bongo Rock album version,Canada / United States,break; drums; dance,A foundational break record and dancer-centered listening,selected_main_route,verified_soundcloud_catalog,https://soundcloud.com/mrbongo/1-01-apache,resolved_exact,https://soundcloud.com/mrbongo/1-01-apache,24912433,Mr Bongo,289572,open_or_monetized,Full-length Mr Bongo upload; the shorter catalog result is not the intended album performance.,track-011,Distinguish later edits
12,HH01,1973,Lightnin' Rod,Sport,original Hustlers Convention album version,New York,spoken-word; narrative; funk,Street narrative over funk ensemble,selected_main_route,verified_musicbrainz,https://musicbrainz.org/recording/8a2873ce-3741-412f-b625-b8c6e3680253,resolved_exact,https://soundcloud.com/lightninrod/sport,1923994064,Lightnin' Rod,155638,open_or_monetized,"Structured SoundCloud catalog metadata matches artist, title, and intended unaltered version.",track-012,Boundary exhibit rather than first-rap claim
13,HH02,1978,Grandmaster Flash and the Furious Four MCs,Live at the Audubon Ballroom — December 23 1978,complete surviving party tape,New York,party-tape; DJ; MC; live,Quick-mix DJ and MC interaction before commercial rap,selected_main_route,metadata_source_incomplete,https://musicbrainz.org/ws/2/recording/?query=recording%3A%22Live+at+the+Audubon+Ballroom+%E2%80%94+December+23+1978%22+AND+artist%3A%22Grandmaster+Flash+and+the+Furious+Four+MCs%22&fmt=json&limit=8,resolved_exact_unofficial,https://soundcloud.com/hairsmit/1978-12-23-grandmaster-flash,128733441,hairsmit,1774532,open_or_monetized,Date and venue in the upload title match the intended Audubon Ballroom tape.,track-013,Archival object; exact carrier and SoundCloud availability unresolved
14,HH02,1978,Furious Four,Live at Mitchell Gym,Cornell Troy L. Smith tape 184 side B,New York,party-tape; live; crew,Crew routine and live-room pacing,selected_main_route,metadata_source_incomplete,https://musicbrainz.org/ws/2/recording/?query=recording%3A%22Live+at+Mitchell+Gym%22+AND+artist%3A%22Furious+Four%22&fmt=json&limit=8,unavailable_exact,,,,,,Cornell tape 184 side B is documented but no exact SoundCloud upload was found.,track-014,Archive catalog source required
15,HH02,1978,Funky Four,Live at unknown location,Cornell Troy L. Smith tape 230 side A,New York,party-tape; live; Sha-Rock,Early crew performance including a woman MC,selected_main_route,metadata_source_incomplete,https://musicbrainz.org/ws/2/recording/?query=recording%3A%22Live+at+unknown+location%22+AND+artist%3A%22Funky+Four%22&fmt=json&limit=8,unavailable_exact,,,,,,Cornell tape 230 side A is documented but no exact SoundCloud upload was found.,track-015,Exact venue remains unidentified in catalog
16,HH02,1978,Afrika Bambaataa and associated crews,Birthday Party for DJ Kool Herc at 1590 Jerome Avenue,complete documented event recording if accessible,New York,party-tape; DJ; crew; community,Named party ecology and crew organization,selected_main_route,metadata_source_incomplete,https://musicbrainz.org/ws/2/recording/?query=recording%3A%22Birthday+Party+for+DJ+Kool+Herc+at+1590+Jerome+Avenue%22+AND+artist%3A%22Afrika+Bambaataa%22&fmt=json&limit=8,unavailable_exact,,,,,,The documented event recording was not found as an exact SoundCloud upload.,track-016,Cornell archive item; audio access unresolved
17,HH02,1979,Grandmaster Flowers,Live at St. Marks Park Brooklyn,Cornell Troy L. Smith tape 98,Brooklyn / New York,party-tape; disco; breaks; echo,Pre-rap DJ continuity and park performance,selected_main_route,metadata_source_incomplete,https://musicbrainz.org/ws/2/recording/?query=recording%3A%22Live+at+St.+Marks+Park+Brooklyn%22+AND+artist%3A%22Grandmaster+Flowers%22&fmt=json&limit=8,unavailable_exact,,,,,,Cornell tape 98 is documented but no exact SoundCloud upload was found.,track-017,Archive catalog describes 120-minute tape
18,HH02,1979,Cold Crush Four and Disco Enforcers,Live at T-Connection,Cornell Troy L. Smith tape 8,New York,party-tape; crew; routine,Routines over commercial records and live social detail,selected_main_route,metadata_source_incomplete,https://musicbrainz.org/ws/2/recording/?query=recording%3A%22Live+at+T-Connection%22+AND+artist%3A%22Cold+Crush+Four+and+Disco+Enforcers%22&fmt=json&limit=8,unavailable_exact,,,,,,Cornell tape 8 is documented but no exact SoundCloud upload was found.,track-018,Archival object
19,HH02,1979,DJ Hollywood,Live club routine,best-authenticated complete 1970s club tape,New York,club; MC; party-tape,Club-style solo MC continuity beside Bronx crews,selected_main_route,metadata_source_incomplete,https://musicbrainz.org/ws/2/recording/?query=recording%3A%22Live+club+routine%22+AND+artist%3A%22DJ+Hollywood%22&fmt=json&limit=8,unavailable_exact,,,,,,Search results belong to a contemporary DJ using the same name; no authenticated 1970s club tape was accepted.,track-019,Exact date venue and carrier must be resolved
20,HH02,1979,Disco Twins and Infinity Machine,Live party recording,best-authenticated surviving 1970s tape,Queens / New York,party-tape; DJ; sound-system,Mobile crew and borough circulation,selected_main_route,metadata_source_incomplete,https://musicbrainz.org/ws/2/recording/?query=recording%3A%22Live+party+recording%22+AND+artist%3A%22Disco+Twins+and+Infinity+Machine%22&fmt=json&limit=8,unavailable_exact,,,,,,No authenticated surviving 1970s Disco Twins and Infinity Machine tape was found on SoundCloud.,track-020,Exact recording must be resolved before acceptance
21,HH03,1979,The Sugarhill Gang,Rapper's Delight,original long 12-inch version,New Jersey,party-rap; disco-band; commercial,Commercial breakthrough and studio translation of MC routines,selected_main_route,verified_musicbrainz,https://musicbrainz.org/recording/c64c4530-098a-4bfb-9f13-567cc51a5173,resolved_exact,https://soundcloud.com/thesugarhillgang/the-sugarhill-gang-rappers,232327378,The Sugarhill Gang,427389,open_or_monetized,"Structured SoundCloud catalog metadata matches artist, title, and intended unaltered version.",track-021,Canonical and cliched because indispensable
22,HH03,1979,The Fatback Band featuring King Tim III,King Tim III (Personality Jock),original 12-inch version,New York,funk-band; early-recorded-rap,Rap embedded inside an established funk act,selected_main_route,verified_soundcloud_catalog,https://soundcloud.com/fatbackband/king-tim-iii-personality,resolved_exact,https://soundcloud.com/fatbackband/king-tim-iii-personality,284873885,Fatback Band,373185,open_or_monetized,"Structured SoundCloud catalog metadata matches artist, title, and intended unaltered version.",track-022,Verify original credit and duration
23,HH03,1979,The Sequence,Funk You Up,original 12-inch version,South Carolina / New York,women; party-rap; Southern,Early women-led recorded rap and non-New-York origin,selected_main_route,verified_musicbrainz,https://musicbrainz.org/recording/59f2c895-bcd3-4da1-b409-a19a0f228542,resolved_exact_unofficial,https://soundcloud.com/christophe-perrin-1/the-sequence-funk-you-up,383245022,TotOfPERRIN,410421,open_or_monetized,Title and full 12-inch duration match; uploader is not artist-controlled.,track-023,Verify Sugar Hill issue
24,HH03,1979,Lady B,To the Beat Y'all,original 12-inch version,Philadelphia,women; regional; party-rap,Philadelphia's early recorded presence,selected_main_route,verified_musicbrainz,https://musicbrainz.org/recording/860430a9-0bdd-4d5d-82d3-99ef8c19ed7f,resolved_exact_unofficial,https://soundcloud.com/illskillzentertainment/ttby,78908736,ill-literate-skill,260125,open_or_monetized,Full-length upload matches Lady B's original recording; uploader is not artist-controlled.,track-024,Exact label issue required
25,HH03,1979,Spoonie Gee,Spoonin Rap,original Sound of New York 12-inch,New York,solo-MC; old-school,Intimate solo voice beside crew routines,selected_main_route,verified_soundcloud_catalog,https://soundcloud.com/spooniegee/spoonin-rap-1,resolved_exact,https://soundcloud.com/spooniegee/spoonin-rap-1,1028246683,Spoonie Gee,220160,open_or_monetized,"Structured SoundCloud catalog metadata matches artist, title, and intended unaltered version.",track-025,Version verification required
26,HH03,1980,Kurtis Blow,The Breaks,original 12-inch version,New York,party-rap; crossover,Breakdown form and major-label crossover,selected_main_route,verified_soundcloud_catalog,https://soundcloud.com/kurtis-blow-official/the-breaks-1,resolved_exact,https://soundcloud.com/kurtis-blow-official/the-breaks-1,253478905,Kurtis Blow,469316,subscriber_catalog,"Structured SoundCloud catalog metadata matches artist, title, and intended unaltered version.",track-026,Canonical
27,HH03,1980,Brother D with Collective Effort,How We Gonna Make the Black Nation Rise?,original 12-inch version,New York,political; message,Early explicitly political commercial rap,selected_main_route,verified_musicbrainz,https://musicbrainz.org/recording/f011a4d8-6562-4f70-ad24-3f45df1f2404,resolved_exact_unofficial,https://soundcloud.com/rimasrebeldes/brother-d-with-collective,57808104,Rimas Rebeldes,352499,open_or_monetized,"Title, credit, and duration match the original 12-inch; uploader is not artist-controlled.",track-027,Recognition still unconfirmed
28,HH03,1980,The Treacherous Three,The New Rap Language,original 12-inch version,New York,flow; speed; crew,Rhythmic density and changing MC technique,selected_main_route,verified_soundcloud_catalog,https://soundcloud.com/spooniegee/the-new-rap-language,resolved_exact,https://soundcloud.com/spooniegee/the-new-rap-language,1026269884,Spoonie Gee,481411,open_or_monetized,"Structured SoundCloud catalog metadata matches artist, title, and intended unaltered version.",track-028,Exact artist credit with Spoonie Gee
29,HH03,1980,Funky Four Plus One,That's the Joint,original 12-inch version,New York,crew; women; party-rap,Interlocking crew routine and Sha-Rock's presence,selected_main_route,verified_soundcloud_catalog,https://soundcloud.com/thefunkyfourplusone/thats-the-joint,resolved_exact,https://soundcloud.com/thefunkyfourplusone/thats-the-joint,1320862126,The Funky Four Plus One,559909,subscriber_catalog,"Structured SoundCloud catalog metadata matches artist, title, and intended unaltered version.",track-029,Canonical live-to-studio comparison
30,HH03,1981,Grandmaster Flash,The Adventures of Grandmaster Flash on the Wheels of Steel,original 12-inch version,New York,DJ; turntablism; collage,DJ technique becoming a composed commercial recording,selected_main_route,verified_musicbrainz,https://musicbrainz.org/recording/c63caf69-8117-4f44-9c75-0053a39308bf,resolved_exact,https://soundcloud.com/grandmasterflashmusic/the-adventures-of-grandmaster,255865275,Grandmaster Flash,426801,subscriber_catalog,Artist-catalog upload is the full-length recording.,track-030,Verify full 7-minute version
31,HH03,1981,Mean Machine,Disco Dream,original 12-inch version,New York / Puerto Rican diaspora,bilingual; Spanish; crew,Spanish-English flow inside early New York rap,selected_main_route,verified_musicbrainz,https://musicbrainz.org/recording/fe7ad7fa-1911-4ad7-96b3-e7699cfed40c,resolved_exact,https://soundcloud.com/djlordsear/disco-dream-the-mean-machine-1981,1370132605,Dj Lord Sear - The Lord Sear Special,387448,open_or_monetized,"Structured SoundCloud catalog metadata matches artist, title, and intended unaltered version.",track-031,Transnational Latino foundation
32,HH03,1982,Grandmaster Flash and the Furious Five,The Message,original 12-inch version,New York,message; social-reportage,Social reportage as a major commercial form,selected_main_route,verified_musicbrainz,https://musicbrainz.org/recording/85672810-5771-486b-a508-c77f2ab79670,resolved_exact_unofficial,https://soundcloud.com/xx_tacolover_x/the-message-grandmaster-flash,139492343,Swag_master69,428160,open_or_monetized,Seven-minute upload matches the original 12-inch recording; uploader is not artist-controlled.,track-032,Tom recognition anchor; exact credit required
33,HH03,1982,Afrika Bambaataa and the Soulsonic Force,Planet Rock,original 12-inch vocal version,New York,electro; machine-funk; dance,Electro futurism and transatlantic machine exchange,selected_main_route,verified_soundcloud_catalog,https://soundcloud.com/afrika-bambaataa/planet-rock-original-12,resolved_exact,https://soundcloud.com/afrika-bambaataa/planet-rock-original-12,889772956,AFRIKA BAMBAATAA,384000,open_or_monetized,Artist-catalog entry explicitly identifies the original 12-inch version.,track-033,Distinguish instrumental and later remasters
34,HH03,1981,Chagrin d'amour,Chacun fait (c'qui lui plaît),original long version,France,French-language; global-uptake,Early French-language rap-adjacent commercial adaptation,selected_main_route,verified_soundcloud_catalog,https://soundcloud.com/chagrindamourofficial/chacun-fait-cqui-lui-plait,resolved_exact,https://soundcloud.com/chagrindamourofficial/chacun-fait-cqui-lui-plait,295623997,Chagrin d'Amour,249280,subscriber_catalog,Artist-catalog 1981 long version; shorter and later mixes were rejected.,track-034,Boundary status requires contextual care
35,HH03,1981,Yellow Magic Orchestra,Rap Phenomena,original BGM album version,Japan,Japanese; electro; experimental,Early Japanese engagement with rap form and machine pop,selected_main_route,verified_musicbrainz,https://musicbrainz.org/recording/2fdac1e7-b58f-4855-b549-325e9dc21ec0,resolved_exact,https://soundcloud.com/yellowmagicorchestra-music/rap-phenomena,525087015,Yellow Magic Orchestra,272980,subscriber_catalog,"Structured SoundCloud catalog metadata matches artist, title, and intended unaltered version.",track-035,Rap-adjacent boundary exhibit
36,HH03,1983,Run-D.M.C.,It's Like That,original 12-inch version,Queens / New York,new-school; sparse-drums; message,Sparse drum-machine attack and new vocal posture,selected_main_route,verified_soundcloud_catalog,https://soundcloud.com/run-dmcofficial/its-like-that-2,resolved_exact,https://soundcloud.com/run-dmcofficial/its-like-that-2,256076759,RUN-DMC,250671,subscriber_catalog,"Structured SoundCloud catalog metadata matches artist, title, and intended unaltered version.",track-036,Transition exhibit
37,HH03,1984,Roxanne Shanté,Roxanne's Revenge,original Pop Art 12-inch version,Queens / New York,women; answer-record; battle,Answer-record economy and teenage battle authority,selected_main_route,verified_musicbrainz,https://musicbrainz.org/recording/f4ac0ef0-7305-4d7a-8be4-7248568e6ec6,resolved_exact,https://soundcloud.com/roxanneshant/roxannes-revenge-1,431506983,Roxanne Shanté,309487,open_or_monetized,"Structured SoundCloud catalog metadata matches artist, title, and intended unaltered version.",track-037,Verify original versus re-recording
38,HH03,1983,Newtrament,London Bridge Is Falling Down,original 12-inch version,United Kingdom,UK-rap; electro; global-uptake,Early recorded British rap and electro adaptation,selected_main_route,metadata_source_incomplete,https://musicbrainz.org/recording/adc4ce03-c8ff-46df-9bfc-4a4d41d0e993,unavailable_exact,,,,,,Search results with this generic title were unrelated nursery-rhyme recordings; no Newtrament original was accepted.,track-038,Verify label and mix
39,HH04,1983,Run-D.M.C.,Sucker M.C.'s (Krush-Groove 1),original 12-inch version,Queens / New York,new-school; sparse-drums,Austere drums and changed MC-DJ relationship,selected_main_route,verified_musicbrainz,https://musicbrainz.org/recording/bb51741e-16e1-43f2-a2a2-0aed1b2a039f,resolved_exact,https://soundcloud.com/run-dmcofficial/sucker-m-c-s-krush-groove-1,256076472,RUN-DMC,189910,subscriber_catalog,"Structured SoundCloud catalog metadata matches artist, title, and intended unaltered version.",track-039,Chronological bridge
40,HH04,1985,LL Cool J,I Can't Live Without My Radio,original Radio album version,Queens / New York,new-school; Def-Jam; persona,Solo star power and hard minimal production,selected_main_route,verified_musicbrainz,https://musicbrainz.org/recording/339f7030-8ba5-4971-828c-6eb4b49a3e40,resolved_exact,https://soundcloud.com/llcooljofficial/i-cant-live-without-my-radio,256108305,LL COOL J,327575,subscriber_catalog,"Structured SoundCloud catalog metadata matches artist, title, and intended unaltered version.",track-040,Canonical
41,HH04,1985,Schoolly D,P.S.K. What Does It Mean?,original 12-inch version,Philadelphia,gangsta-lineage; drum-machine,Philadelphia minimalism and gangsta-rap precursor debate,selected_main_route,verified_musicbrainz,https://musicbrainz.org/recording/da868a05-85b6-4fad-b6e6-220f825b9d37,resolved_exact,https://soundcloud.com/schoolly-d-official/p-s-k-what-does-it-mean,253583152,Schoolly D,388937,subscriber_catalog,"Structured SoundCloud catalog metadata matches artist, title, and intended unaltered version.",track-041,Avoid single-invention claim
42,HH04,1985,Doug E. Fresh and the Get Fresh Crew,The Show,original 12-inch version,New York,beatbox; crew; performance,Human beatboxing and theatrical crew arrangement,selected_main_route,metadata_source_incomplete,https://musicbrainz.org/recording/850d5a2c-b5d9-4eaf-be2c-f7e7e482f279,resolved_exact_unofficial,https://soundcloud.com/lowndes69/doug-e-fresh-the-get-fresh,127525663,lowndes69,367341,open_or_monetized,Full-length user upload is the intended recording; artist-catalog search results returned another track.,track-042,Pair with La Di Da Di if fringe space allows
43,HH04,1986,Eric B. & Rakim,Eric B. Is President,original 12-inch version,Long Island / New York,flow; sampling; DJ-MC,A changed internal rhyme and flow standard,selected_main_route,verified_musicbrainz,https://musicbrainz.org/recording/e351e490-cc8a-40f6-bd82-f8d247608ceb,resolved_exact_unofficial,https://soundcloud.com/eric-b-music-group/eric-b-rakim-eric-b-is,97199421,Eric B Music Group,291606,open_or_monetized,Upload explicitly identifies the original 12-inch version; the artist catalog's longer entry was rejected.,track-043,Verify Marley Marl role carefully
44,HH04,1986,Boogie Down Productions,South Bronx,original 12-inch version,Bronx / New York,battle; regional-identity; sampling,Battle record as historical and geographic argument,selected_main_route,verified_musicbrainz,https://musicbrainz.org/recording/358346b4-1461-4586-9ad1-c9b6f3c224ec,resolved_exact,https://soundcloud.com/boogie-down-productions/south-bronx-1,274888578,Boogie Down Productions,308639,subscriber_catalog,"Structured SoundCloud catalog metadata matches artist, title, and intended unaltered version.",track-044,Bridge to Bridge Wars context
45,HH04,1986,Beastie Boys,Paul Revere,original Licensed to Ill album version,New York,Def-Jam; crossover; reverse-tape,White participation commercial scale and studio play,selected_main_route,verified_musicbrainz,https://musicbrainz.org/recording/14cf3d99-3a5c-4709-8f3e-5319befab6bc,resolved_exact,https://soundcloud.com/beastieboys/paul-revere,257074935,Beastie Boys,220891,subscriber_catalog,"Structured SoundCloud catalog metadata matches artist, title, and intended unaltered version.",track-045,Canonical but not sole Beasties representative
46,HH04,1986,Ultramagnetic MC's,Ego Trippin',original 12-inch version,Bronx / New York,sampling; experimental; battle,Unstable samples and eccentric verbal attack,selected_main_route,verified_soundcloud_catalog,https://soundcloud.com/ultramagneticmcs/ultramagnetic-mcs-ego-trippin,resolved_exact,https://soundcloud.com/ultramagneticmcs/ultramagnetic-mcs-ego-trippin,232329212,Ultramagnetic Mcs,326713,open_or_monetized,Artist-catalog full version; the higher-ranked trap edit was rejected.,track-046,Deep-route anchor
47,HH04,1986,Biz Markie,Make the Music with Your Mouth Biz,original 12-inch version,New York,beatbox; humor; Marley-Marl,Beatbox as hook rhythm and comic persona,selected_main_route,verified_musicbrainz,https://musicbrainz.org/recording/ed8ddcd1-c4b3-44c6-98d2-f5014c3d440b,resolved_exact,https://soundcloud.com/bizmarkieofficial/make-the-music-with-your-mouth,255812039,Biz Markie,304301,subscriber_catalog,"Structured SoundCloud catalog metadata matches artist, title, and intended unaltered version.",track-047,Verify version
48,HH04,1986,2 Live Crew,Throw the D,original 12-inch version,Miami,Miami-bass; dance; explicit,Miami bass rhythm and dance instruction,selected_main_route,verified_musicbrainz,https://musicbrainz.org/recording/54d8fb16-a4ed-44a5-ac61-184856160ad2,resolved_exact_unofficial,https://soundcloud.com/user984827580/throw-the-d-2-live-crew,122531872,Ronier Dj,188333,open_or_monetized,User upload matches the original recording; later bootleg remixes were rejected.,track-048,Explicit content eligible
49,HH04,1987,MC Lyte,I Cram to Understand U (Sam),original album version,Brooklyn / New York,women; narrative; anti-drug,Narrative control and early woman solo album authority,selected_main_route,verified_soundcloud_catalog,https://soundcloud.com/mclyteofficial/mc-lyte-i-cram-to-understand-u,resolved_exact,https://soundcloud.com/mclyteofficial/mc-lyte-i-cram-to-understand-u,231889978,MC Lyte,284160,open_or_monetized,Artist-catalog original version; the 1990 remix was rejected.,track-049,Verify 1987 First Priority issue
50,HH04,1987,Salt-N-Pepa,Push It,preferred original hit remix to be fixed,Queens / New York,women; dance; crossover,Women-led crossover and dance-floor minimalism,selected_main_route,verified_musicbrainz,https://musicbrainz.org/recording/beb7514d-1906-4813-8ddb-cfc9efa6dff0,resolved_probable_exact,https://soundcloud.com/andrei-popa-2/salt-n-pepa-push-it,36917749,© Andrei Popa,267046,open_or_monetized,Duration matches the 1987 hit remix. The current artist-catalog result is a 2026 re-recording and was rejected.,track-050,Version is a known trap; resolve remix identity
51,HH04,1987,Public Enemy,Rebel Without a Pause,original It Takes a Nation album version,Long Island / New York,political; Bomb-Squad; dense-production,Siren-like density and collective political attack,selected_main_route,verified_soundcloud_catalog,https://soundcloud.com/public-enemy-music/rebel-without-a-pause-2,resolved_exact,https://soundcloud.com/public-enemy-music/rebel-without-a-pause-2,252697848,Public Enemy,266193,subscriber_catalog,"Structured SoundCloud catalog metadata matches artist, title, and intended unaltered version.",track-051,Canonical
52,HH04,1987,EPMD,It's My Thing,original 12-inch version,Long Island / New York,funk-sampling; duo,Laid-back duo flow over heavy funk sample logic,selected_main_route,verified_soundcloud_catalog,https://soundcloud.com/epmd-official/its-my-thing,resolved_exact,https://soundcloud.com/epmd-official/its-my-thing,259045192,EPMD,342387,subscriber_catalog,"Structured SoundCloud catalog metadata matches artist, title, and intended unaltered version.",track-052,Verify Sleeping Bag issue
53,HH04,1987,Audio Two,Top Billin',original 12-inch version,Brooklyn / New York,minimalism; break; sample,Radical rhythmic economy and long sample afterlife,selected_main_route,verified_musicbrainz,https://musicbrainz.org/recording/16088134-7107-4456-a584-660c07da4306,resolved_exact,https://soundcloud.com/audio-two-official/top-billin,254485498,Audio Two,175793,subscriber_catalog,"Structured SoundCloud catalog metadata matches artist, title, and intended unaltered version.",track-053,Canonical production exhibit
54,HH04,1984,Dee Nasty,Paname City Rappin',original album version,France,French-rap; DJ; global,Early French recorded rap and DJ culture,selected_main_route,verified_musicbrainz,https://musicbrainz.org/recording/da975656-7287-458e-b5bc-d02eb27d0452,resolved_exact,https://soundcloud.com/deenastyofficial/panam-city-rappin,1356568837,Dee Nasty,316709,subscriber_catalog,Artist-catalog recording; the catalog spelling is Panam City Rappin'.,track-054,Institutionally documented pioneer; exact track/mix verify
55,HH04,1987,Lionel D,Y'a pas de problème,original version,France,French-rap; radio; live-MC,French radio and MC infrastructure,selected_main_route,verified_soundcloud_catalog,https://soundcloud.com/lioneld-music/ya-pas-de-probleme,resolved_exact,https://soundcloud.com/lioneld-music/ya-pas-de-probleme,718427179,Lionel D,266684,subscriber_catalog,"Structured SoundCloud catalog metadata matches artist, title, and intended unaltered version.",track-055,Metadata verification required
56,HH04,1988,Hijack,Style Wars,original 12-inch version,United Kingdom,UK-hardcore-rap; battle,British hard-edged rap before later UK genre branches,selected_main_route,metadata_source_incomplete,https://musicbrainz.org/recording/ed0046cd-fe0f-4dfc-9da1-9ea66f871089,unavailable_exact,,,,,,Only later chillwave mixes and unrelated same-title recordings were found.,track-056,Verify 1988 Music of Life issue
57,HH05,1989,Public Enemy,Fight the Power,original Do the Right Thing soundtrack version,New York,political; dense-production; soundtrack,Collective political address and cinematic public sphere,selected_main_route,verified_soundcloud_catalog,https://soundcloud.com/public-enemy-music/fight-the-power-do-the-right,resolved_exact,https://soundcloud.com/public-enemy-music/fight-the-power-do-the-right,252697243,Public Enemy,323500,subscriber_catalog,Artist-catalog entry explicitly identifies the Do the Right Thing soundtrack recording.,track-057,Tom-likely recognition; distinguish album remix
58,HH05,1989,Boogie Down Productions,You Must Learn,original Ghetto Music album version,New York,pedagogy; history; political,Historical pedagogy inside rap,selected_main_route,verified_musicbrainz,https://musicbrainz.org/recording/c2832bbb-2b4e-4573-86b8-8db39c17fa3b,resolved_exact,https://soundcloud.com/boogie-down-productions/you-must-learn-lp-version,253202871,Boogie Down Productions,232015,subscriber_catalog,"Structured SoundCloud catalog metadata matches artist, title, and intended unaltered version.",track-058,Recognition prompt
59,HH05,1989,Queen Latifah featuring Monie Love,Ladies First,original album version,New Jersey / United Kingdom,women; Black-feminist; transatlantic,Black feminist authority and transatlantic collaboration,selected_main_route,verified_musicbrainz,https://musicbrainz.org/recording/52e9d95d-a41e-4a28-b5b3-a60f6b682757,resolved_exact,https://soundcloud.com/queenlatifahofficial/ladies-first,255982406,Queen Latifah,238733,open_or_monetized,Artist-catalog LP version; bonus beats and radio edits were rejected.,track-059,Recognition prompt
60,HH05,1989,De La Soul,Me Myself and I,original album version,Long Island / New York,Native-Tongues; sampling; alternative,Playful resistance to imposed image,selected_main_route,verified_soundcloud_catalog,https://soundcloud.com/wearedelasoul/me-myself-and-i-1,resolved_exact,https://soundcloud.com/wearedelasoul/me-myself-and-i-1,1395098347,De La Soul,229381,open_or_monetized,"Structured SoundCloud catalog metadata matches artist, title, and intended unaltered version.",track-060,Canonical and potentially cliched
61,HH05,1988,Jungle Brothers,Straight Out the Jungle,original album version,New York,Native-Tongues; Afrocentric; house-exchange,Plural Black musical affiliations and scene formation,selected_main_route,verified_musicbrainz,https://musicbrainz.org/recording/2a629d3d-3447-4c84-8c5e-8eb924675c65,resolved_exact,https://soundcloud.com/jungle-brothers/straight-out-the-jungle-1,630825705,JUNGLE BROTHERS,239569,subscriber_catalog,"Structured SoundCloud catalog metadata matches artist, title, and intended unaltered version.",track-061,Verify original mix
62,HH05,1990,A Tribe Called Quest,Can I Kick It?,original album version,Queens / New York,jazz-rap; Native-Tongues; call-response,Conversational crew feel and jazz-rock sample repurposing,selected_main_route,verified_musicbrainz,https://musicbrainz.org/recording/735c7120-b098-47c1-99af-2f132a876b9c,resolved_exact,https://soundcloud.com/a-tribe-called-quest-official/can-i-kick-it-album-version,253510291,A Tribe Called Quest,210521,subscriber_catalog,Artist-catalog album version; longer compilation and extended-mix entries were rejected.,track-062,Canonical
63,HH05,1988,Eric B. & Rakim,Follow the Leader,original album version,New York,flow; lyrical-formalism,Extended flow control over ominous production,selected_main_route,verified_musicbrainz,https://musicbrainz.org/recording/e4ea3b2d-b917-453e-bea0-0f66e15a88f9,resolved_exact,https://soundcloud.com/eric-b-and-rakim/follow-the-leader,253544915,Eric B. & Rakim,336901,subscriber_catalog,"Structured SoundCloud catalog metadata matches artist, title, and intended unaltered version.",track-063,Canonical
64,HH05,1988,Big Daddy Kane,Ain't No Half-Steppin',original album version,Brooklyn / New York,battle; virtuosity,Polished rhythmic virtuosity and command,selected_main_route,verified_soundcloud_catalog,https://soundcloud.com/bigdaddykaneofficial/big-daddy-kane-aint-no-half,resolved_exact,https://soundcloud.com/bigdaddykaneofficial/big-daddy-kane-aint-no-half,231713032,Big Daddy Kane,319948,open_or_monetized,"Structured SoundCloud catalog metadata matches artist, title, and intended unaltered version.",track-064,Canonical
65,HH05,1990,Kool G Rap & DJ Polo,Streets of New York,original album version,Queens / New York,street-reportage; narrative,Dense street reportage before mafioso formalization,selected_main_route,verified_musicbrainz,https://musicbrainz.org/recording/3f924981-ecea-46d7-b3d8-83d3c7245219,resolved_probable_exact,https://soundcloud.com/mike-jones-164/kool-g-rap-streets-of-new-york,415471728,Mike Jones 1013,260308,open_or_monetized,Publisher metadata and duration match the album recording; uploader is not artist-controlled.,track-065,Verify album version
66,HH05,1988,N.W.A,Straight Outta Compton,original album version,Compton / California,gangsta; regional-system; political,Regional force social report and market shock,selected_main_route,verified_musicbrainz,https://musicbrainz.org/recording/62f24090-70fa-4846-bcbf-83319021643c,resolved_exact,https://soundcloud.com/nwaofficial/straight-outta-compton-3,274443895,N.W.A,257489,subscriber_catalog,"Structured SoundCloud catalog metadata matches artist, title, and intended unaltered version.",track-066,Contextualize misogyny and media construction
67,HH05,1988,Ice-T,Colors,original soundtrack version,Los Angeles,gangsta; narrative; soundtrack,Gang identity narrative and film circulation,selected_main_route,verified_musicbrainz,https://musicbrainz.org/recording/dca66e34-83d8-4549-b403-33fff3840c45,unavailable_exact,,,,,,The artist-catalog entry is explicitly a 2014 remaster and user results were uncertain; the original soundtrack master remains guide-only.,track-067,Exact soundtrack/single version verify
68,HH05,1991,Geto Boys,Mind Playing Tricks on Me,original album version,Houston,Southern; psychological; narrative,Paranoia vulnerability and Southern national breakthrough,selected_main_route,verified_musicbrainz,https://musicbrainz.org/recording/60e0ad5e-54c1-4536-8aaf-7788af9e420a,resolved_exact,https://soundcloud.com/getoboys/mind-playing-tricks-on-me,287778735,Geto Boys,308767,open_or_monetized,"Structured SoundCloud catalog metadata matches artist, title, and intended unaltered version.",track-068,Canonical
69,HH05,1991,DJ Quik,Tonite,original album version,Compton / California,West-Coast; funk; producer-MC,Producer-MC swing and everyday narrative,selected_main_route,verified_soundcloud_catalog,https://soundcloud.com/djquikofficial/tonite,resolved_exact,https://soundcloud.com/djquikofficial/tonite,254062978,DJ Quik,323318,subscriber_catalog,"Structured SoundCloud catalog metadata matches artist, title, and intended unaltered version.",track-069,Verify clean/sample-altered variants
70,HH05,1990,Too $hort,The Ghetto,original album version,Oakland / California,Bay-Area; social-reportage; funk,Bay Area social report beyond party persona,selected_main_route,verified_musicbrainz,https://musicbrainz.org/recording/a02ddc30-13b1-4a49-a0ff-6f0b90ccc91a,resolved_exact,https://soundcloud.com/officialtooshort/the-ghetto-1,445091841,Too $hort,302315,subscriber_catalog,"Structured SoundCloud catalog metadata matches artist, title, and intended unaltered version.",track-070,Exact title typography
71,HH05,1991,Organized Konfusion,Fudge Pudge,original album version,Queens / New York,lyrical; abstract; duo,Dense multi-MC formalism and eccentric production,selected_main_route,verified_musicbrainz,https://musicbrainz.org/recording/9364a7bb-962a-47d0-a825-e9d086f3b5e5,resolved_exact,https://soundcloud.com/organized-konfusion/fudge-pudge-1,1149679780,Organized Konfusion,331076,open_or_monetized,"Structured SoundCloud catalog metadata matches artist, title, and intended unaltered version.",track-071,Deep-route choice
72,HH05,1991,Main Source,Live at the Barbeque,original album version,New York / Toronto,posse-cut; producer-MC; debut,Posse cut as scene introduction including Nas debut,selected_main_route,metadata_source_incomplete,https://musicbrainz.org/recording/2f894175-c11e-46e1-a93b-6045763b9a57,resolved_probable_exact,https://soundcloud.com/hiphop-classics1/main-source-live-at-the-barbeque-1991,319641068,Hip Hop Classics,259707,open_or_monetized,Full user upload appears to match the album recording; remixes and short excerpts were rejected.,track-072,Canadian-US production circuit
73,HH05,1991,Yo-Yo featuring Ice Cube,You Can't Play with My Yo-Yo,original Make Way for the Motherlode version,Los Angeles,women; West-Coast; Black-feminist,Woman MC authority and gender argument inside the West Coast system,selected_main_route,verified_musicbrainz,https://musicbrainz.org/recording/d2a2edd8-f485-44be-b57c-99d3f5ac7817,resolved_exact,https://soundcloud.com/yoyo41/yo-yo-you-cant-play-with-my-yo,232331828,Yo-Yo,304799,open_or_monetized,"Structured SoundCloud catalog metadata matches artist, title, and intended unaltered version.",track-073,Feature and album version verify
74,HH05,1992,Arrested Development,Tennessee,original album version,Atlanta,Southern; spirituality; memory,Southern spirituality memory and crossover,selected_main_route,verified_musicbrainz,https://musicbrainz.org/recording/70829644-5fa5-46a0-b0dd-e36b47655801,resolved_exact,https://soundcloud.com/arrested-development-official/tennessee,252889503,Arrested Development,272796,subscriber_catalog,"Structured SoundCloud catalog metadata matches artist, title, and intended unaltered version.",track-074,Confirmed Tom recognition anchor
75,HH05,1991,Cypress Hill,How I Could Just Kill a Man,original Cypress Hill album version,Los Angeles,Latino; West-Coast; sample; street,Latino Los Angeles authorship and a distinct sample-heavy West Coast language,selected_main_route,verified_musicbrainz,https://musicbrainz.org/recording/c059b614-2b75-4dfa-8b84-57d075ccda83,resolved_exact,https://soundcloud.com/cypress-hill/how-i-could-just-kill-a-man-1,254097047,Cypress Hill,252240,subscriber_catalog,"Structured SoundCloud catalog metadata matches artist, title, and intended unaltered version.",track-075,Verify album versus single mix
76,HH05,1991,IAM,Red Black and Green,original ...De la planète Mars album version,Marseille / France,French-rap; political; global,Marseille identity and political color symbolism,selected_main_route,verified_musicbrainz,https://musicbrainz.org/recording/1a308a52-9f8b-4b34-a208-d0e3faa645ff,resolved_exact,https://soundcloud.com/iam-74571/red-black-and-green-1,265521370,IAM,304405,subscriber_catalog,"Structured SoundCloud catalog metadata matches artist, title, and intended unaltered version.",track-076,Title/version verify
77,HH05,1990,Vico C,La Recta Final,original Hispanic Soul version,Puerto Rico,Spanish-language; Puerto-Rican-rap; Caribbean,Puerto Rican rap infrastructure and Spanish-language authority,selected_main_route,verified_musicbrainz,https://musicbrainz.org/recording/757ac47d-6e68-4d17-b9f8-ce9001c21345,resolved_exact,https://soundcloud.com/vico-c-official/la-recta-final,324166123,Vico C,391925,subscriber_catalog,"Structured SoundCloud catalog metadata matches artist, title, and intended unaltered version.",track-077,Exact 1989/1990 release chronology and master verify
78,HH05,1990,Prophets of Da City,Our World,original album version,Cape Town / South Africa,anti-apartheid; African-hip-hop; political,Early South African localization and political address,selected_main_route,metadata_source_incomplete,https://musicbrainz.org/ws/2/recording/?query=recording%3A%22Our+World%22+AND+artist%3A%22Prophets+of+Da+City%22&fmt=json&limit=8,unavailable_exact,,,,,,No Prophets of Da City recording matching this title was found; same-title results were unrelated.,track-078,Release metadata audit required
79,HH05,1988,London Posse,Money Mad,original version,London / United Kingdom,UK-rap; Caribbean-British; accent,British and Caribbean vocal identity against US imitation,selected_main_route,metadata_source_incomplete,https://musicbrainz.org/recording/bf888d81-e5c5-434b-8add-a01fc4bc9614,unavailable_exact,,,,,,"The artist catalog exposes later remixes, not the intended original.",track-079,Resolve 1988 single versus 1990 album form
80,HH05,1990,Monie Love,Monie in the Middle,original album version,London / New York,women; UK-rap; Native-Tongues,British woman MC inside a transatlantic scene,selected_main_route,verified_musicbrainz,https://musicbrainz.org/recording/349bd1df-d67c-435d-b04c-2d982e36675f,resolved_exact,https://soundcloud.com/monie-love-official/monie-in-the-middle,267360897,Monie Love,224862,open_or_monetized,"Structured SoundCloud catalog metadata matches artist, title, and intended unaltered version.",track-080,Verify UK/US issue differences
81,HH06,1992,Dr. Dre featuring Snoop Doggy Dogg,Nuthin' but a 'G' Thang,original The Chronic album version,Los Angeles / Long Beach,G-funk; producer-auteur; flow,G-funk synthesis and producer-centered album world,selected_main_route,verified_musicbrainz,https://musicbrainz.org/recording/d571e6b7-bbf2-4dd3-bf76-3806a3c11f25,resolved_exact,https://soundcloud.com/dr-dre-music/nuthin-but-a-g-thang,257475639,Dr. Dre,237573,subscriber_catalog,"Structured SoundCloud catalog metadata matches artist, title, and intended unaltered version.",track-081,Canonical
82,HH06,1993,Snoop Doggy Dogg,Gin and Juice,original Doggystyle album version,Long Beach / California,G-funk; persona; flow,Relaxed flow and domestic party narrative,selected_main_route,verified_musicbrainz,https://musicbrainz.org/recording/eb2b666c-c04f-41a5-90cc-5755c98f7245,resolved_exact,https://soundcloud.com/snoopdogg/gin-and-juice-6,1496998453,Snoop Dogg,211540,open_or_monetized,"Structured SoundCloud catalog metadata matches artist, title, and intended unaltered version.",track-082,Canonical
83,HH06,1993,2Pac,Keep Ya Head Up,original album version,California,message; women; social-critique,Popular political address on misogyny poverty and survival,selected_main_route,verified_musicbrainz,https://musicbrainz.org/recording/da3bb7bc-f9cc-4f29-8cd5-67ac3cff7503,resolved_exact,https://soundcloud.com/2pac/keep-ya-head-up,252536699,2Pac,262557,open_or_monetized,"Structured SoundCloud catalog metadata matches artist, title, and intended unaltered version.",track-083,Contextualize contradiction across catalog
84,HH06,1993,Wu-Tang Clan,C.R.E.A.M.,original album version,Staten Island / New York,crew; dusty-sampling; street-reportage,Crew mythology and economic street report,selected_main_route,verified_soundcloud_catalog,https://soundcloud.com/wu-tang-clan-official/c-r-e-a-m-album-version,resolved_exact,https://soundcloud.com/wu-tang-clan-official/c-r-e-a-m-album-version,252772725,Wu-Tang Clan,252056,subscriber_catalog,Artist-catalog album version; a shorter user upload was rejected.,track-084,Canonical and cliched because indispensable
85,HH06,1994,Nas,N.Y. State of Mind,original Illmatic album version,Queensbridge / New York,lyrical; boom-bap; narrative,Interior rhyme scene-setting and producer anthology model,selected_main_route,verified_musicbrainz,https://musicbrainz.org/recording/28ca75db-8326-4ae9-b916-dbc6d9be6c26,resolved_exact,https://soundcloud.com/nasirjones/n-y-state-of-mind-1,290148866,Nasir Jones,292049,subscriber_catalog,"Structured SoundCloud catalog metadata matches artist, title, and intended unaltered version.",track-085,Canonical
86,HH06,1994,The Notorious B.I.G.,Warning,original Ready to Die album version,Brooklyn / New York,narrative; mafioso; flow,Telephone-frame suspense and vocal character control,selected_main_route,metadata_source_incomplete,https://musicbrainz.org/recording/28b09f0a-b322-417b-b6b9-d851d2e5165e,unavailable_exact,,,,,,The artist-catalog entry is explicitly a 2005 remaster; the original album master remains guide-only.,track-086,Avoid reducing artist to coastal rivalry
87,HH06,1995,Mobb Deep,Shook Ones Pt. II,original album version,Queensbridge / New York,hardcore; minimal; street,Severe loop economy and collective menace,selected_main_route,verified_soundcloud_catalog,https://soundcloud.com/mobbdeepqb/shook-ones-pt-ii,resolved_exact,https://soundcloud.com/mobbdeepqb/shook-ones-pt-ii,254207778,Mobb Deep,327236,subscriber_catalog,Artist-catalog album recording; the entry labeled remastered LP was rejected.,track-087,Canonical
88,HH06,1993,Boss,Deeper,original Born Gangstaz album version,Detroit / Los Angeles,women; Midwest; gangsta,A Detroit woman MC's forceful intervention in gangsta-rap marketing and performance,selected_main_route,verified_musicbrainz,https://musicbrainz.org/recording/b6498450-6137-4f94-8b66-93591de3d3b3,resolved_exact,https://soundcloud.com/the-boss-official/deeper-album-version,259046177,The Boss,241607,subscriber_catalog,"Structured SoundCloud catalog metadata matches artist, title, and intended unaltered version.",track-088,Contextualize label-manufactured biography debates
89,HH06,1996,Bone Thugs-N-Harmony,Tha Crossroads,preferred 1996 remix/single version,Cleveland / Ohio,Midwest; melodic-flow; mourning,Rapid melodic ensemble flow and Midwestern national breakthrough,selected_main_route,verified_musicbrainz,https://musicbrainz.org/recording/dcf60a47-1815-43c2-97cd-627b92a311c3,resolved_exact,https://soundcloud.com/bonethugsnharmony/tha-crossroads-1,278532466,Bone Thugs-N-Harmony,223582,open_or_monetized,"Structured SoundCloud catalog metadata matches artist, title, and intended unaltered version.",track-089,Known original/remix distinction must be fixed
90,HH06,1993,The Coup,Dig It!,original album version,Oakland / California,political; funk; radical,Radical politics wit and Bay Area funk,selected_main_route,verified_musicbrainz,https://musicbrainz.org/recording/10985d55-544e-4113-b4c6-be9280964a91,unavailable_exact,,,,,,Only an edit and unrelated same-title recordings were found.,track-090,Recognition prompt
91,HH06,1994,Outkast featuring CeeLo,"Git Up, Git Out",original Southernplayalistic album version,Atlanta,Southern; Organized-Noize; message,Southern self-determination and Dungeon Family ecology,selected_main_route,verified_musicbrainz,https://musicbrainz.org/recording/fb1f0971-bdcb-49d7-a720-d0126d4c7e38,resolved_exact,https://soundcloud.com/outkast-music/git-up-git-out-1,253850309,Outkast,447060,subscriber_catalog,"Structured SoundCloud catalog metadata matches artist, title, and intended unaltered version.",track-091,Exact feature credits verify
92,HH06,1995,Goodie Mob,Cell Therapy,original Soul Food album version,Atlanta,Southern; political; paranoia,Collective political paranoia and Southern gothic atmosphere,selected_main_route,verified_soundcloud_catalog,https://soundcloud.com/goodie-mob-music/cell-therapy-1,resolved_exact,https://soundcloud.com/goodie-mob-music/cell-therapy-1,302521123,Goodie Mob Music,277185,subscriber_catalog,"Structured SoundCloud catalog metadata matches artist, title, and intended unaltered version.",track-092,Canonical regional anchor
93,HH06,1996,UGK,One Day,original Ridin' Dirty album version,Port Arthur / Houston,Southern; mortality; funk,Texas narrative melancholy and regional independence,selected_main_route,verified_musicbrainz,https://musicbrainz.org/recording/58f9a274-9ab6-40ef-81d9-06f4dc14b22a,unavailable_exact,,,,,,The artist catalog offers a radio version and the user uploads did not securely match the album master.,track-093,Verify feature credits
94,HH06,1995,Three 6 Mafia,Da Summa,original Mystic Stylez album version,Memphis,Memphis; cassette-lineage; dark,Memphis atmosphere beyond horror caricature,selected_main_route,metadata_source_incomplete,https://musicbrainz.org/recording/1eb09768-d071-4cf8-9322-7c828bf61f46,unavailable_exact,,,,,,Only chopped-and-screwed or otherwise altered uploads were found.,track-094,Original album master required
95,HH06,1996,DJ Screw and Screwed Up Click,June 27th Freestyle,original June 27 mixtape performance,Houston,chopped-and-screwed; mixtape; freestyle,Screw culture as collective listening practice,selected_main_route,metadata_source_incomplete,https://musicbrainz.org/ws/2/recording/?query=recording%3A%22June+27th+Freestyle%22+AND+artist%3A%22DJ+Screw+and+Screwed+Up+Click%22&fmt=json&limit=8,unavailable_exact,,,,,,Search results did not establish an exact DJ Screw and Screwed Up Click June 27 performance.,track-095,Long-form object; exact tape chapter and excerpt policy needed
96,HH06,1992,DJ Jimi feat. Juvenile,Bounce (For the Juvenile),original It's Jimi album version,New Orleans,bounce; dance; regional,Early New Orleans bounce vocal and rhythmic practice,selected_main_route,verified_soundcloud_catalog,https://soundcloud.com/djjimi-music/bounce-for-the-juvenile,resolved_exact,https://soundcloud.com/djjimi-music/bounce-for-the-juvenile,582766992,DJ Jimi,284760,open_or_monetized,"Official catalog upload matches the 4:44 recording on DJ Jimi's 1992 It's Jimi album; Juvenile is the featured vocalist, not the primary artist.",track-096,Corrected attribution and year
97,HH06,1993,DJ Jubilee,Do the Jubilee All,original version,New Orleans,bounce; dance-instruction; DJ,Dance instruction and local participatory function,selected_main_route,metadata_source_incomplete,https://musicbrainz.org/recording/b1cd1cf9-8209-4a92-9fbc-1b7e86a4e7df,resolved_probable_exact,https://soundcloud.com/user-843129432/dj-jubilee-jubilee-all,915563650,DJ2Nappi,261904,open_or_monetized,User upload matches the intended title and performance; provenance remains informal.,track-097,Exact release source required
98,HH06,1994,Common,I Used to Love H.E.R.,original album version,Chicago,allegory; critique; Midwest,Allegorical hip-hop criticism and contested gendering,selected_main_route,verified_soundcloud_catalog,https://soundcloud.com/thinkcommon/i-used-to-love-h-e-r-1,resolved_exact,https://soundcloud.com/thinkcommon/i-used-to-love-h-e-r-1,562452999,ThinkCommon,278753,subscriber_catalog,"Structured SoundCloud catalog metadata matches artist, title, and intended unaltered version.",track-098,Recognition prompt; include competing readings
99,HH06,1994,Da Brat,Funkdafied,original album version,Chicago / Atlanta,women; Midwest-South; G-funk,Woman MC crossover through a Chicago-Atlanta production circuit,selected_main_route,verified_musicbrainz,https://musicbrainz.org/recording/cc094b27-d486-40d1-8311-f1a99ae73f9a,resolved_exact,https://soundcloud.com/da-brat-official/funkdafied-1,253510612,Da Brat,185966,subscriber_catalog,"Structured SoundCloud catalog metadata matches artist, title, and intended unaltered version.",track-099,Verify remix variants
100,HH06,1996,Bahamadia,Uknowhowwedu,original Kollage album version,Philadelphia,women; flow; jazz-rap,Understated rhythmic precision and Philadelphia scene,selected_main_route,verified_musicbrainz,https://musicbrainz.org/recording/af592c52-3727-4263-87c8-eeb7402ae622,resolved_exact,https://soundcloud.com/bahamadia/uknowhowwedu,252668632,Bahamadia,214955,subscriber_catalog,"Structured SoundCloud catalog metadata matches artist, title, and intended unaltered version.",track-100,Deep-route anchor
101,HH06,1993,IAM,Je danse le mia,original Ombre est lumière album version,Marseille / France,French-rap; memory; dance,Local memory and ironic dance-floor reconstruction,selected_main_route,verified_musicbrainz,https://musicbrainz.org/recording/956550d1-5837-4493-b518-49720f1d7181,resolved_exact,https://soundcloud.com/iam-74571/je-danse-le-mia,254897737,IAM,267285,subscriber_catalog,"Structured SoundCloud catalog metadata matches artist, title, and intended unaltered version.",track-101,Resolve radio versus album mix
102,HH06,1994,MC Solaar,Nouveau Western,original Prose Combat album version,France,French-rap; literary; sampling,French narrative and Gainsbourg sampling,selected_main_route,verified_musicbrainz,https://musicbrainz.org/recording/9276b17a-c7d8-45d5-8b14-70c206335baa,resolved_exact,https://soundcloud.com/mc-solaar-official/nouveau-western,1130163922,MC Solaar,274077,subscriber_catalog,"Structured SoundCloud catalog metadata matches artist, title, and intended unaltered version.",track-102,Rights/version availability may vary
103,HH06,1993,Racionais MC's,Homem na Estrada,original Raio X do Brasil version,São Paulo / Brazil,Brazilian-rap; political; periphery,Peripheral urban reportage in Portuguese,selected_main_route,verified_musicbrainz,https://musicbrainz.org/recording/ab56edae-3b98-4a28-9527-4e5a5a9dfd35,resolved_exact,https://soundcloud.com/racionaismcsofficial/homem-na-estrada,318474111,Racionais MC's,521949,open_or_monetized,"Structured SoundCloud catalog metadata matches artist, title, and intended unaltered version.",track-103,Release/source audit required
104,HH06,1994,Prophets of Da City,Never Again,original Age of Truth version,Cape Town / South Africa,anti-apartheid; political; African-hip-hop,Direct anti-apartheid address during political transition,selected_main_route,verified_musicbrainz,https://musicbrainz.org/recording/d49d4851-4a9d-4b40-92d1-1262f57f3a50,unavailable_exact,,,,,,The available user upload could not be matched securely to the original album master.,track-104,Verify date and version
105,HH06,1996,Kaliber 44,Plus i minus,original Księga Tajemnicza. Prolog version,Katowice / Poland,Polish-rap; experimental; language,Polish-language dark experimentation and local scene formation,selected_main_route,verified_soundcloud_catalog,https://soundcloud.com/olacekala6/plus-i-minus-kaliber-44,resolved_exact,https://soundcloud.com/olacekala6/plus-i-minus-kaliber-44,2167155210,Szefowa,298867,open_or_monetized,"Structured SoundCloud catalog metadata matches artist, title, and intended unaltered version.",track-105,Metadata/source audit required
106,HH06,1995,Positive Black Soul,Boul ma mine,preferred original version,Dakar / Senegal,Senegalese-rap; Wolof/French; political,West African localization language and social address,selected_main_route,metadata_source_incomplete,https://musicbrainz.org/recording/d91ef555-632a-4bb4-ade2-cd9b193256a3,unavailable_exact,,,,,,No exact Positive Black Soul recording was found; same-title results were unrelated.,track-106,Exact spelling version and date verify
107,HH07,1996,The Roots,What They Do,original Illadelph Halflife album version,Philadelphia,live-band; critique; video,Critique of commercial performance and video convention,selected_main_route,verified_musicbrainz,https://musicbrainz.org/recording/05979dba-2d9e-443f-9525-f5dc76b826fa,resolved_exact,https://soundcloud.com/the_roots/what-they-do-2,256248787,the_roots,357251,subscriber_catalog,"Structured SoundCloud catalog metadata matches artist, title, and intended unaltered version.",track-107,Confirmed Tom recognition anchor; representative may change
108,HH07,1998,Black Star,Definition,original album version,New York,lyrical; community; anti-violence,Lyrical community and anti-violence address,selected_main_route,verified_musicbrainz,https://musicbrainz.org/recording/8f4c91c3-acc4-4c1f-83a2-e9e0ba06aedc,resolved_exact,https://soundcloud.com/black-star-official/definition,252485639,Black Star,206569,subscriber_catalog,"Structured SoundCloud catalog metadata matches artist, title, and intended unaltered version.",track-108,Recognition prompt
109,HH07,2000,dead prez,Hip-Hop,original Let's Get Free album version,New York,political; bass; critique,Political critique delivered through severe low-end economy,selected_main_route,verified_musicbrainz,https://musicbrainz.org/recording/ce7f367e-bc2f-4759-83d5-ff607b26b60e,resolved_exact,https://soundcloud.com/dead-prez-official/hip-hop-1,253512663,Dead Prez,214100,subscriber_catalog,"Structured SoundCloud catalog metadata matches artist, title, and intended unaltered version.",track-109,Recognition prompt
110,HH07,1998,Lauryn Hill,Lost Ones,original Miseducation album version,New Jersey,women; battle; singer-MC,Battle address arrangement and singer-MC authorship,selected_main_route,verified_musicbrainz,https://musicbrainz.org/recording/09ddbb79-4fec-468d-b300-aa1f95f837c0,resolved_exact,https://soundcloud.com/lauryn-hill-official/lost-ones,253540130,Lauryn Hill,334237,subscriber_catalog,"Structured SoundCloud catalog metadata matches artist, title, and intended unaltered version.",track-110,Canonical
111,HH07,1997,Missy Elliott,The Rain (Supa Dupa Fly),original album version,Virginia,women; Timbaland; experimental-pop,Timbre negative space video imagination and producer-MC partnership,selected_main_route,verified_musicbrainz,https://musicbrainz.org/recording/8f6eecdb-9508-4276-b7df-9e6b12fe8011,resolved_exact,https://soundcloud.com/missyelliott/the-rain-supa-dupa-fly,255814649,Missy Elliott,251037,open_or_monetized,"Structured SoundCloud catalog metadata matches artist, title, and intended unaltered version.",track-111,Canonical
112,HH07,2000,Eminem featuring Dido,Stan,original The Marshall Mathers LP album version,Detroit,narrative; correspondence; celebrity,Epistolary narrative unreliable interpretation and fan-artist distance,selected_main_route,verified_soundcloud_catalog,https://soundcloud.com/eminemofficial/stan-album-version-explicit,resolved_exact,https://soundcloud.com/eminemofficial/stan-album-version-explicit,256256955,Eminem,404140,open_or_monetized,"Structured SoundCloud catalog metadata matches artist, title, and intended unaltered version.",track-112,Contextualize misogyny and later cultural shorthand
113,HH07,1997,Company Flow,8 Steps to Perfection,original Funcrusher Plus version,New York,independent; underground; experimental,Independent-label counterpublic and abrasive abstraction,selected_main_route,verified_musicbrainz,https://musicbrainz.org/recording/8ddc4048-0f83-47fb-bd1f-d86b636a218f,resolved_exact,https://soundcloud.com/papa-sensi/8-steps-to-perfection-better,437807430,Papa Sensi,281365,open_or_monetized,"Structured SoundCloud catalog metadata matches artist, title, and intended unaltered version.",track-113,Deep-route anchor
114,HH07,1999,Mos Def,Mathematics,original Black on Both Sides album version,New York,political; lyrical; DJ-Premier,Numerical political litany and boom-bap craft,selected_main_route,verified_musicbrainz,https://musicbrainz.org/recording/8b2b74e0-4b7b-436e-9550-49f04f6b88d3,resolved_exact,https://soundcloud.com/mos-def-official/mathematics,253524881,Mos Def,246540,subscriber_catalog,"Structured SoundCloud catalog metadata matches artist, title, and intended unaltered version.",track-114,Likely Tom route
115,HH07,1999,MF DOOM,Doomsday,original Operation: Doomsday version,New York,abstract; persona; independent,Mask persona collage humor and independent rebirth,selected_main_route,verified_musicbrainz,https://musicbrainz.org/recording/2356e949-f493-4911-afb1-de0d470b51dc,resolved_exact,https://soundcloud.com/mf-doom-official/doomsday,300793387,MF Doom,298162,subscriber_catalog,"Structured SoundCloud catalog metadata matches artist, title, and intended unaltered version.",track-115,Original Fondle 'Em master preferred
116,HH07,2000,Rah Digga,Tight,original Dirty Harriet album version,New Jersey / New York,women; lyrical; Flipmode,Technical woman MC authority inside late-1990s crew and album systems,selected_main_route,verified_musicbrainz,https://musicbrainz.org/recording/1f653804-8699-48f5-94f6-1a465f78b0ee,resolved_exact,https://soundcloud.com/rah-digga-official/tight-original-version,254200504,Rah Digga,194342,subscriber_catalog,"Structured SoundCloud catalog metadata matches artist, title, and intended unaltered version.",track-116,Version verify
117,HH07,1998,Gang Starr,Moment of Truth,original album version,New York,lyrical; boom-bap; reflection,Mature moral reflection within a classic duo grammar,selected_main_route,verified_musicbrainz,https://musicbrainz.org/recording/5286d7f4-6855-4b0a-abfd-ec402d5ec83e,resolved_exact,https://soundcloud.com/gang-starr-official/moment-of-truth,253097242,Gang Starr,247428,subscriber_catalog,"Structured SoundCloud catalog metadata matches artist, title, and intended unaltered version.",track-117,Potential Tom anchor
118,HH07,1996,DJ Shadow,Midnight in a Perfect World,original Endtroducing album version,Bay Area,instrumental; sampling; producer,Instrumental hip-hop as album-scale emotional composition,selected_main_route,verified_musicbrainz,https://musicbrainz.org/recording/c9ac422c-adc1-4411-86c2-9be463ec4b49,resolved_exact,https://soundcloud.com/djshadow/midnight-in-a-perfect-world-2,255826054,DJ Shadow,298527,subscriber_catalog,"Structured SoundCloud catalog metadata matches artist, title, and intended unaltered version.",track-118,Canonical producer route
119,HH07,1996,Invisibl Skratch Piklz,Invasion of the Octopus People,original version,Bay Area,turntablism; DJ; experimental,Turntablism as foreground group composition,selected_main_route,verified_musicbrainz,https://musicbrainz.org/recording/295ab76c-6e6b-4ba7-9281-233d84391f4d,resolved_exact,https://soundcloud.com/invisiblskratchpiklz/invasion-of-the-octopus-people,758242822,Invisibl Skratch Piklz,254642,open_or_monetized,"Structured SoundCloud catalog metadata matches artist, title, and intended unaltered version.",track-119,Exact release metadata verify
120,HH07,1998,DMX,Ruff Ryders' Anthem,original It's Dark and Hell Is Hot album version,Yonkers / New York,hardcore; Swizz-Beatz; crowd-command,Austere synthesizer anthem and late-1990s street-rap intensity,selected_main_route,verified_musicbrainz,https://musicbrainz.org/recording/028434cd-6f5f-4781-acc5-0c62d69249dc,resolved_exact,https://soundcloud.com/dmx-music/ruff-ryders-anthem,259102835,DMX,214880,open_or_monetized,"Structured SoundCloud catalog metadata matches artist, title, and intended unaltered version.",track-120,Album master verify
121,HH07,1998,Outkast,Rosa Parks,original Aquemini album version,Atlanta,Southern; live-instruments; form,Sectional arrangement harmonica and Atlanta expansion,selected_main_route,verified_musicbrainz,https://musicbrainz.org/recording/36a71e33-e626-4233-9e6b-50585b91296b,resolved_exact,https://soundcloud.com/outkast-music/rosa-parks-2,253851166,Outkast,324415,subscriber_catalog,"Structured SoundCloud catalog metadata matches artist, title, and intended unaltered version.",track-121,Canonical
122,HH07,1998,Juvenile,Ha,original 400 Degreez album version,New Orleans,Cash-Money; Mannie-Fresh; flow,Second-person repetition and New Orleans producer system,selected_main_route,verified_musicbrainz,https://musicbrainz.org/recording/062e3ca3-1807-4bea-97f6-08afcf1ef10f,resolved_exact,https://soundcloud.com/juvenileofficial/ha-album-version-explicit,256029567,Juvenile,292415,subscriber_catalog,"Structured SoundCloud catalog metadata matches artist, title, and intended unaltered version.",track-122,Canonical
123,HH07,1997,Master P featuring Fiend Mia X Mystikal and Silkk the Shocker,Make 'Em Say Uhh!,original Ghetto D album version,New Orleans,No-Limit; independent-business; posse-cut,No Limit's regional business system and roster-centered anthem,selected_main_route,verified_soundcloud_catalog,https://soundcloud.com/master-p-official/make-em-say-ugh-2005-digital,resolved_exact,https://soundcloud.com/master-p-official/make-em-say-ugh-2005-digital,253613694,Master p,306391,subscriber_catalog,"Structured SoundCloud catalog metadata matches artist, title, and intended unaltered version.",track-123,Full feature credits and punctuation verify
124,HH07,1997,IAM,Demain c'est loin,original L'École du micro d'argent album version,Marseille / France,French-rap; long-form; social-reportage,Long-form social panorama without conventional chorus,selected_main_route,verified_musicbrainz,https://musicbrainz.org/recording/f1e5c309-cbf9-41a1-841f-9b166ed01176,resolved_exact,https://soundcloud.com/iam-74571/demain-cest-loin,254897783,IAM,540500,subscriber_catalog,"Structured SoundCloud catalog metadata matches artist, title, and intended unaltered version.",track-124,Connoisseur anchor
125,HH07,1997,Control Machete,¿Comprendes Mendes?,original Mucho Barato version,Monterrey / Mexico,Mexican-rap; Spanish-language; rock-exchange,Northern Mexican scene identity and Spanish-language rhythmic force,selected_main_route,verified_musicbrainz,https://musicbrainz.org/recording/27d6059e-3ece-4cb7-ae99-008525c0e0d3,resolved_exact,https://soundcloud.com/control-machete/comprendes-mendes-album,252405344,Control Machete,215301,subscriber_catalog,"Structured SoundCloud catalog metadata matches artist, title, and intended unaltered version.",track-125,Punctuation and version verify
126,HH07,1997,Racionais MC's,Diário de um Detento,original Sobrevivendo no Inferno version,São Paulo / Brazil,Brazilian-rap; prison; political,Carandiru prison narrative and collective memory,selected_main_route,verified_musicbrainz,https://musicbrainz.org/recording/dbc666ac-c002-41c9-ad55-be873427ab63,resolved_exact_unofficial,https://soundcloud.com/racionais-mcs-todasmusicas/racionais-mcs-diario-de-um-detento,262842670,Racionais MC's,451071,open_or_monetized,Full-length album recording; shorter and live versions were rejected.,track-126,Context and translation notes required
127,HH07,1999,Roots Manuva,Juggle Tings Proper,original Brand New Second Hand version,London / United Kingdom,UK-rap; Caribbean-British; bass,Distinct British voice and bass-heavy production,selected_main_route,verified_musicbrainz,https://musicbrainz.org/recording/c4035931-de17-4efe-8911-996912cbeee1,resolved_exact,https://soundcloud.com/roots-manuva/juggle-tings-proper,689935549,Roots Manuva,305868,open_or_monetized,"Structured SoundCloud catalog metadata matches artist, title, and intended unaltered version.",track-127,Verify version
128,HH07,1997,Positive Black Soul,"New York, Paris, Dakar",original version,Dakar / Senegal,Senegalese-rap; transatlantic; bilingual,Explicit two-city global circuit and local identity,selected_main_route,verified_soundcloud_catalog,https://soundcloud.com/positiveblacksoulofficial/new-york-paris-dakar,resolved_exact,https://soundcloud.com/positiveblacksoulofficial/new-york-paris-dakar,1290881746,Positive Black Soul,266971,open_or_monetized,Artist-catalog title corrects the provisional manifest's shortened title.,track-128,Exact release and language metadata verify
129,HH08,2001,Jay-Z,U Don't Know,original The Blueprint album version,New York,Just-Blaze; soul-sampling; persona,Just Blaze maximal soul production and command,selected_main_route,verified_musicbrainz,https://musicbrainz.org/recording/bd8fb145-3998-4ff3-965e-f82fbe6d4782,resolved_exact,https://soundcloud.com/jay-z-official/u-dont-know-2,465254655,JAŸ-Z,199471,subscriber_catalog,"Structured SoundCloud catalog metadata matches artist, title, and intended unaltered version.",track-129,Canonical
130,HH08,2002,Clipse,Grindin',original Lord Willin' album version,Virginia,Neptunes; minimal; street,Percussion-only negative space and Tidewater producer power,selected_main_route,verified_musicbrainz,https://musicbrainz.org/recording/8808c20c-100d-49e8-ad7a-f9a1992ffbe7,resolved_exact,https://soundcloud.com/clipse-official/grindin-main,252807874,Clipse,264803,subscriber_catalog,"Structured SoundCloud catalog metadata matches artist, title, and intended unaltered version.",track-130,Canonical
131,HH08,2002,Missy Elliott,Work It,original Under Construction album version,Virginia,women; Timbaland; reverse-vocal; pop,Dense vocal production humor and formal play,selected_main_route,verified_musicbrainz,https://musicbrainz.org/recording/1983d92a-e381-4d88-991d-651f162bbbee,resolved_exact,https://soundcloud.com/missyelliott/work-it,255814590,Missy Elliott,292963,open_or_monetized,"Structured SoundCloud catalog metadata matches artist, title, and intended unaltered version.",track-131,Canonical
132,HH08,2002,Lil Jon & the East Side Boyz featuring Ying Yang Twins,Get Low,original Kings of Crunk album version,Atlanta,crunk; crowd-command; dance,Crunk arrangement and collective physical instruction,selected_main_route,verified_soundcloud_catalog,https://soundcloud.com/lil_jon/get-low,resolved_exact,https://soundcloud.com/lil_jon/get-low,318930349,LIL JON,334162,subscriber_catalog,"Structured SoundCloud catalog metadata matches artist, title, and intended unaltered version.",track-132,Explicit; verify feature spelling
133,HH08,2003,T.I.,24's,original Trap Muzik album version,Atlanta,trap; persona; Southern,Trap as album identity before later standardization,selected_main_route,verified_musicbrainz,https://musicbrainz.org/recording/dfb49440-34b9-4d54-8284-86ce6b8fe7c8,resolved_exact,https://soundcloud.com/tiofficial/24s-1,256066652,T.I.,261538,open_or_monetized,"Structured SoundCloud catalog metadata matches artist, title, and intended unaltered version.",track-133,Verify single/album master
134,HH08,2005,Young Jeezy featuring Jay-Z,Go Crazy,preferred album version without later remix unless justified,Atlanta,trap; Shawty-Redd; anthem,Trap grandeur and producer signature,selected_main_route,verified_musicbrainz,https://musicbrainz.org/recording/a186ae14-b36d-4b6b-89ac-136283657f10,resolved_exact,https://soundcloud.com/youngjeezy/go-crazy,255856132,Jeezy,199471,subscriber_catalog,"Structured SoundCloud catalog metadata matches artist, title, and intended unaltered version.",track-134,Version decision required
135,HH08,2005,Gucci Mane,Trap House,original album version,Atlanta,trap; mixtape-ecosystem; persona,Eccentric diction and a durable independent trap lineage,selected_main_route,verified_musicbrainz,https://musicbrainz.org/recording/d2ec3a2c-1b98-40ac-8448-5d2724238da3,resolved_exact,https://soundcloud.com/flameemojimusic/trap-house-3,1388937898,Gucci Mane,259500,open_or_monetized,"Structured SoundCloud catalog metadata matches artist, title, and intended unaltered version.",track-135,Verify original Big Cat master
136,HH08,2005,Lil Wayne,Tha Mobb,original Tha Carter II album version,New Orleans,mixtape-era; lyrical; Southern,Mixtape-honed associative flow over album production,selected_main_route,verified_musicbrainz,https://musicbrainz.org/recording/c863c7d0-2806-4249-8c2c-a2e41c19785a,resolved_exact,https://soundcloud.com/lilwayne/tha-mobb-album-version,252944836,Lil Wayne,320575,subscriber_catalog,"Structured SoundCloud catalog metadata matches artist, title, and intended unaltered version.",track-136,Canonical deep cut
137,HH08,2002,Cam'ron,I Really Mean It,original Come Home with Me album version,Harlem / New York,Dipset; Heatmakerz; soul-sampling,Stylized language and maximal pitched-soul production,selected_main_route,metadata_source_incomplete,https://musicbrainz.org/ws/2/recording/?query=recording%3A%22I+Really+Mean+It%22+AND+artist%3A%22Cam%27ron%22&fmt=json&limit=8,unavailable_exact,,,,,,"The artist-catalog result is the edited album version, not the intended explicit album master.",track-137,Verify version
138,HH08,2002,Jean Grae,Hater's Anthem,original Attack of the Attacking Things version,New York / South Africa diaspora,women; independent; lyrical,Independent woman MC formal skill and diasporic biography,selected_main_route,verified_musicbrainz,https://musicbrainz.org/recording/f6a42805-2deb-4abb-97e5-517d89a4b02b,resolved_exact,https://soundcloud.com/jeangraeofficial/haters-anthem,398395842,Jean Grae,313704,open_or_monetized,"Structured SoundCloud catalog metadata matches artist, title, and intended unaltered version.",track-138,Version verify
139,HH08,2003,50 Cent,Many Men (Wish Death),original Get Rich or Die Tryin' album version,Queens / New York,mixtape-to-mainstream; narrative,Mixtape credibility converted into cinematic album narrative,selected_main_route,verified_musicbrainz,https://musicbrainz.org/recording/d0c086e4-da1e-4cfe-a9f4-b538a09ec40d,resolved_exact,https://soundcloud.com/50_cent/many-men-wish-death,255894174,50 Cent,256287,subscriber_catalog,"Structured SoundCloud catalog metadata matches artist, title, and intended unaltered version.",track-139,Canonical
140,HH08,2004,Kanye West,Jesus Walks,original The College Dropout album version,Chicago,gospel; producer-MC; message,Sacred address inside mainstream drum programming,selected_main_route,verified_musicbrainz,https://musicbrainz.org/recording/3503de11-fefe-489c-81ac-ef7c9b7ab282,resolved_exact,https://soundcloud.com/kanyewest/jesus-walks-album-version-1,255766408,Kanye West,200333,subscriber_catalog,"Structured SoundCloud catalog metadata matches artist, title, and intended unaltered version.",track-140,Canonical
141,HH08,2002,Tego Calderón,Pa' Que Retozen,original El Abayarde version,Puerto Rico,Puerto-Rican-rap; reggaeton-neighbor; dance,Afro-Puerto Rican voice at the rap-reggaeton boundary,selected_main_route,verified_musicbrainz,https://musicbrainz.org/recording/e536e3d9-4414-40cb-bf64-7e167adc694d,resolved_exact,https://soundcloud.com/tegocalderonmusic/pa-que-retozen,188334061,Tego Calderon,145671,open_or_monetized,"Structured SoundCloud catalog metadata matches artist, title, and intended unaltered version.",track-141,Do not collapse reggaeton into rap; exact master verify
142,HH08,2004,Madvillain,Accordion,original Madvillainy album version,Los Angeles / New York,abstract; producer-MC; concise,Compressed form eccentric sample and oblique writing,selected_main_route,verified_musicbrainz,https://musicbrainz.org/recording/8943ece1-0763-4a9d-8414-ab4f58c40d1b,resolved_exact,https://soundcloud.com/madvillain-official/accordian,291506845,Madvillain,118883,subscriber_catalog,"Structured SoundCloud catalog metadata matches artist, title, and intended unaltered version.",track-142,Connoisseur anchor
143,HH08,2006,J Dilla,Time: The Donut of the Heart,original Donuts album version,Detroit,instrumental; beat-tape; sampling,Micro-composition and producer listening,selected_main_route,verified_musicbrainz,https://musicbrainz.org/recording/567671b0-53f8-4314-91bc-fae87cd0197b,resolved_exact,https://soundcloud.com/jdilla/time-the-donut-of-the-heart,291523036,J Dilla,98720,subscriber_catalog,"Structured SoundCloud catalog metadata matches artist, title, and intended unaltered version.",track-143,Verify title punctuation
144,HH08,2005,Little Brother,Lovin' It,original The Minstrel Show album version,North Carolina,independent; 9th-Wonder; critique,Regional independent craft and media critique,selected_main_route,verified_musicbrainz,https://musicbrainz.org/recording/4ea2e58f-afa3-4d39-8ace-1b98845f12cd,resolved_exact,https://soundcloud.com/littlebrotherofficial/little-brother-lovin-it-feat,231886926,Little Brother,231758,open_or_monetized,"Structured SoundCloud catalog metadata matches artist, title, and intended unaltered version.",track-144,Deep-route choice
145,HH08,2003,M.I.A.,Galang,original single version,London / Sri Lankan diaspora,global; electronic; political,Diasporic authorship between rap dancehall and electronic production,selected_main_route,verified_musicbrainz,https://musicbrainz.org/recording/f5f75ffa-c897-4c86-a4ac-405d7145b848,resolved_exact,https://soundcloud.com/miauk/galang-1,256160515,MIA,213629,subscriber_catalog,"Structured SoundCloud catalog metadata matches artist, title, and intended unaltered version.",track-145,Boundary track; exact 2003/2004 issue verify
146,HH08,2003,Dizzee Rascal,I Luv U,original Boy in da Corner album version,London / United Kingdom,grime; MC; electronic,Grime as a neighboring Black British MC form with distinct grammar,selected_main_route,verified_musicbrainz,https://musicbrainz.org/recording/f9caf3bd-2400-48c5-995b-8f6033184a3c,resolved_exact,https://soundcloud.com/dizzee-rascal/i-luv-u,266056620,Dizzee Rascal,245107,subscriber_catalog,"Structured SoundCloud catalog metadata matches artist, title, and intended unaltered version.",track-146,Do not relabel grime as rap subgenre
147,HH08,2001,The Streets,Has It Come to This?,original single or Original Pirate Material version,Birmingham / London,UK-rap; garage-neighbor; narrative,British conversational voice over garage-derived production,selected_main_route,verified_musicbrainz,https://musicbrainz.org/recording/1a6eae1a-7627-482f-b0da-274af6acaaa1,resolved_exact,https://soundcloud.com/the-streets/has-it-come-to-this,255845970,The Streets,243196,subscriber_catalog,"Structured SoundCloud catalog metadata matches artist, title, and intended unaltered version.",track-147,Version verify
148,HH08,2004,TTC,Dans le club,original Bâtards sensibles version,France,French-rap; electronic; club,French experimental club-facing rap,selected_main_route,verified_musicbrainz,https://musicbrainz.org/recording/4122c34c-de76-4d4f-a528-e169d259b01c,resolved_exact,https://soundcloud.com/ttcofficial/dans-le-club,302291376,TTC,237422,open_or_monetized,"Structured SoundCloud catalog metadata matches artist, title, and intended unaltered version.",track-148,Exact version verify
149,HH08,2005,K'naan,What's Hardcore?,original The Dusty Foot Philosopher version,Somalia / Canada,diaspora; political; global,Challenges US gangsta authenticity through Somali experience,selected_main_route,verified_musicbrainz,https://musicbrainz.org/recording/6c50a812-c862-4a5c-8ee3-4ca3833f996b,resolved_exact,https://soundcloud.com/knaan-official/whats-hardcore-1,591869820,K'NAAN,171770,subscriber_catalog,"Structured SoundCloud catalog metadata matches artist, title, and intended unaltered version.",track-149,Contextualize comparative violence carefully
150,HH08,2003,Daara J,Exodus,original Boomerang album version,Dakar / Senegal,Senegalese-rap; Wolof/French; global,Senegalese multilingual scene and outward circulation,selected_main_route,verified_musicbrainz,https://musicbrainz.org/recording/f250639a-88a0-4405-bb78-d13c5f1c80b5,unavailable_exact,,,,,,The apparent result is a different Napoleon recording featuring Daara J; no exact Boomerang album track was accepted.,track-150,Release/version verify
151,HH09,2008,Lil Wayne,A Milli,original Tha Carter III album version,New Orleans,mixtape-era; flow; Bangladesh,Sustained single-loop virtuosity at mainstream scale,selected_main_route,verified_musicbrainz,https://musicbrainz.org/recording/0fbf43cf-1482-4177-b44e-7442390930a4,resolved_exact,https://soundcloud.com/lilwayne/a-milli-album-version-explicit,252944918,Lil Wayne,221806,subscriber_catalog,"Structured SoundCloud catalog metadata matches artist, title, and intended unaltered version.",track-151,Canonical
152,HH09,2008,Kanye West,Say You Will,original 808s & Heartbreak album version,Chicago,Auto-Tune; minimal; album-form,Vocal processing emptiness and pop-rap emotional form,selected_main_route,verified_musicbrainz,https://musicbrainz.org/recording/03bd74d1-e7f9-471f-a2b0-f18fd35a4a68,resolved_exact,https://soundcloud.com/kanyewest/say-you-will-album-version,271224579,Kanye West,377626,subscriber_catalog,"Structured SoundCloud catalog metadata matches artist, title, and intended unaltered version.",track-152,Not a conventional rap performance
153,HH09,2007,T-Pain featuring Yung Joc,Buy U a Drank (Shawty Snappin'),original Epiphany album version,Florida,Auto-Tune; melody; snap,Auto-Tune as authored instrument rather than correction,selected_main_route,verified_musicbrainz,https://musicbrainz.org/recording/cfeec1b1-dfc7-4262-9466-0af0e4790bed,resolved_exact,https://soundcloud.com/t-pain/buy-u-a-drank-shawty-snappin,257063740,T-Pain,227997,subscriber_catalog,"Structured SoundCloud catalog metadata matches artist, title, and intended unaltered version.",track-153,Canonical technology exhibit
154,HH09,2008,Kid Cudi,Day 'N' Nite,original A Kid Named Cudi mixtape version to compare with album,Cleveland / New York,blog-rap; melody; interiority,Blog circulation and melodic interior voice,selected_main_route,verified_musicbrainz,https://musicbrainz.org/recording/efa550e0-43dd-457b-adea-a7c83ff627e6,resolved_exact,https://soundcloud.com/cudderland/kid-cudi-day-n-nite,1301660344,Kid Cudi,168046,open_or_monetized,"Structured SoundCloud catalog metadata matches artist, title, and intended unaltered version.",track-154,Version decision is pedagogically important
155,HH09,2010,Drake,9AM in Dallas,original download/single version,Toronto / Canada,blog-era; lyrical; internet,Internet-era loosie and Toronto center formation,selected_main_route,verified_musicbrainz,https://musicbrainz.org/recording/2c45c733-8533-4f7f-a77e-33104059f4f9,resolved_exact,https://soundcloud.com/harddrake/9am-in-dallas-1,543300288,HardDrake,167669,open_or_monetized,"Structured SoundCloud catalog metadata matches artist, title, and intended unaltered version.",track-155,Official upload provenance needed
156,HH09,2010,Waka Flocka Flame,Hard in da Paint,original Flockaveli album version,Atlanta,Lex-Luger; trap; maximal,Trap orchestration and shouted physical force,selected_main_route,verified_musicbrainz,https://musicbrainz.org/recording/15c63f38-5f37-4383-bfbe-b3c76b2b88f8,resolved_exact,https://soundcloud.com/wakaflockaflame/hard-in-da-paint,216539782,Waka Flocka Flame,246413,open_or_monetized,"Structured SoundCloud catalog metadata matches artist, title, and intended unaltered version.",track-156,Canonical
157,HH09,2009,Nicki Minaj,Itty Bitty Piggy,original Beam Me Up Scotty mixtape version,Queens / New York,women; mixtape; battle,Mixtape persona multiplication and verbal attack,selected_main_route,verified_musicbrainz,https://musicbrainz.org/recording/bfe7bf30-6385-4619-8fac-34e61aacd7ea,resolved_exact,https://soundcloud.com/nickiminaj/nicki-minaj-itty-bitty-piggy,1048549195,Nicki Minaj,246779,open_or_monetized,"Structured SoundCloud catalog metadata matches artist, title, and intended unaltered version.",track-157,Do not substitute later remaster silently
158,HH09,2007,Lupe Fiasco,Dumb It Down,original The Cool album version,Chicago,lyrical; meta-critique; message,Argument about audience industry and lyrical complexity,selected_main_route,verified_musicbrainz,https://musicbrainz.org/recording/2176899c-5658-433e-93fa-95b59749e3a3,resolved_exact,https://soundcloud.com/lupefiasco/dumb-it-down-feat-gemstones-3,1203456646,LupeFiasco,243775,open_or_monetized,"Structured SoundCloud catalog metadata matches artist, title, and intended unaltered version.",track-158,Potential Tom route
159,HH09,2007,Blu & Exile,Dancing in the Rain,original Below the Heavens album version,Los Angeles,independent; introspective; producer-MC,Independent lyrical album craft beneath commercial surface,selected_main_route,verified_musicbrainz,https://musicbrainz.org/recording/e99161a1-9f90-491e-8592-499312745fa4,resolved_exact,https://soundcloud.com/blu-official/dancing-in-the-rain,1431127366,Blu-Official,267860,open_or_monetized,"Structured SoundCloud catalog metadata matches artist, title, and intended unaltered version.",track-159,Connoisseur anchor
160,HH09,2009,Rye Rye featuring M.I.A.,Bang,original single version,Baltimore,women; Baltimore-club; dance; rap,Baltimore club-rap exchange and teenage woman performance,selected_main_route,verified_musicbrainz,https://musicbrainz.org/recording/16258751-346f-414f-b775-ad51fd8ff85a,resolved_exact,https://soundcloud.com/rye-rye-official/bang-1,253560611,Rye Rye,212611,subscriber_catalog,"Structured SoundCloud catalog metadata matches artist, title, and intended unaltered version.",track-160,Version and feature credit verify
161,HH09,2010,Lil B,Wonton Soup,original internet release,Bay Area,cloud-precursor; internet; persona,Abundance altered persona and anti-gatekeeping circulation,selected_main_route,verified_musicbrainz,https://musicbrainz.org/recording/eba9bcde-c494-4109-a1c8-443303f321b3,resolved_exact_unofficial,https://soundcloud.com/lilblovesthebasedgod/wonton-soup,683430446,LilBTheBasedGod,339257,open_or_monetized,"Title, artist evidence, and duration match; uploader provenance is not artist-controlled.",track-161,Exact original upload provenance difficult
162,HH09,2007,Giggs,Talkin da Hardest,original freestyle/mixtape version,London / United Kingdom,road-rap; UK-rap; street,British road-rap cadence and independent circulation,selected_main_route,verified_musicbrainz,https://musicbrainz.org/recording/dd022f9b-baf6-4d38-b05a-ad0591121c87,resolved_exact,https://soundcloud.com/giggs-official/talkin-da-hardest,2069856984,Giggs,158041,open_or_monetized,"Structured SoundCloud catalog metadata matches artist, title, and intended unaltered version.",track-162,Version/source audit required
163,HH09,2010,Ana Tijoux,1977,original 1977 album version,Chile,women; Chilean-rap; Spanish-language; autobiography,Chilean autobiographical rap and transnational return narrative,selected_main_route,verified_musicbrainz,https://musicbrainz.org/recording/4e259ac3-e60b-447c-b3d4-297b28003800,resolved_exact,https://soundcloud.com/ana-tijoux-official/1977-1,253357383,Ana Tijoux,202031,open_or_monetized,"Structured SoundCloud catalog metadata matches artist, title, and intended unaltered version.",track-163,Translation and exact issue verify
164,HH09,2008,Ben Sharpa,Hegemony,original B. Sharpa album version,Cape Town / South Africa,African-hip-hop; electronic; political,South African political abstraction over severe electronics,selected_main_route,verified_musicbrainz,https://musicbrainz.org/recording/907dc12c-e8d1-4828-bc0e-0a399c955022,resolved_exact,https://soundcloud.com/bensharpa-music/hegemony,2234448494,Ben Sharpa,252055,open_or_monetized,"Structured SoundCloud catalog metadata matches artist, title, and intended unaltered version.",track-164,Release/source verify
165,HH09,2010,Shadia Mansour featuring M-1,Al Kufiyyeh 3Arabeyyeh,original version,Palestine / United Kingdom,Arabic-rap; diaspora; political,Arabic flow diaspora and Palestinian political symbol,selected_main_route,metadata_source_incomplete,https://musicbrainz.org/ws/2/recording/?query=recording%3A%22Al+Kufiyyeh+3Arabeyyeh%22+AND+artist%3A%22Shadia+Mansour%22&fmt=json&limit=8,resolved_exact_unofficial,https://soundcloud.com/33rpmvoices/shadia-mansour-al-kufiyyeh,110241301,33rpmvoices,259498,open_or_monetized,Title and duration match the original recording; uploader is not artist-controlled.,track-165,Transliteration/version verification required
166,HH09,2008,Emicida,Triunfo,original mixtape/single version,São Paulo / Brazil,Brazilian-rap; battle; independent,Battle circuit and independent Brazilian breakthrough,selected_main_route,verified_musicbrainz,https://musicbrainz.org/recording/c2b75c9d-ea2b-4d16-aa79-5bc80365bfd3,resolved_exact,https://soundcloud.com/emicida-official/triunfo-1,1253971990,Emicida,151197,open_or_monetized,"Structured SoundCloud catalog metadata matches artist, title, and intended unaltered version.",track-166,Original release provenance required
167,HH10,2012,Chief Keef featuring Lil Reese,I Don't Like,original Back from the Dead version,Chicago,Chicago-drill; internet; youth,Drill minimalism repetition and decentralized breakthrough,selected_main_route,verified_musicbrainz,https://musicbrainz.org/recording/12c0fca8-4b35-4a80-a350-d0697fed6287,resolved_exact,https://soundcloud.com/chiefkeef/i-dont-like-explicit-version,271224922,ChiefKeef,293878,open_or_monetized,"Structured SoundCloud catalog metadata matches artist, title, and intended unaltered version.",track-167,Do not default to Kanye remix
168,HH10,2012,Angel Haze,Werkin' Girls,original Reservation mixtape version,Detroit / New York,women; queer; battle; mixtape,Queer woman technical aggression and mixtape-era internet circulation,selected_main_route,verified_musicbrainz,https://musicbrainz.org/recording/c67dd516-23ef-42e9-a1f1-f72e112f1694,resolved_exact,https://soundcloud.com/angxlhxze/werkin-girls-1,256197198,Angel Haze,189571,subscriber_catalog,"Structured SoundCloud catalog metadata matches artist, title, and intended unaltered version.",track-168,Original mixtape master and artist context
169,HH10,2014,Future,Codeine Crazy,original Monster mixtape version,Atlanta,trap; Auto-Tune; interiority,Melodic trap grief intoxication and long-form escalation,selected_main_route,verified_musicbrainz,https://musicbrainz.org/recording/4e795479-3483-4c9e-8090-734ceea61c38,resolved_exact,https://soundcloud.com/futureisnow/codeine-crazy,185913096,Future,346958,subscriber_catalog,"Structured SoundCloud catalog metadata matches artist, title, and intended unaltered version.",track-169,Exact mixtape version
170,HH10,2014,Rich Gang featuring Young Thug and Rich Homie Quan,Lifestyle,original single version,Atlanta,melodic-trap; vocal-timbre; producer,Voice as elastic timbre and post-lexical hook,selected_main_route,verified_musicbrainz,https://musicbrainz.org/recording/d1d2db47-bfb9-4e1b-98a1-e6b85bee3eb8,resolved_exact,https://soundcloud.com/rich-gang-official/lifestyle-1,252548184,Rich Gang,269740,subscriber_catalog,"Structured SoundCloud catalog metadata matches artist, title, and intended unaltered version.",track-170,Credit exact featured artists
171,HH10,2014,Migos,Fight Night,original No Label 2 mixtape version,Atlanta,triplet-flow; trap; trio,Interlocking trio rhythm beyond reductive triplet label,selected_main_route,verified_musicbrainz,https://musicbrainz.org/recording/acef03f0-5cb2-4856-90cf-8fa34624a088,resolved_exact,https://soundcloud.com/migosatl/migos-fight-night,136874746,Migos,216294,subscriber_catalog,"Structured SoundCloud catalog metadata matches artist, title, and intended unaltered version.",track-171,Mixtape master preferred
172,HH10,2012,Kendrick Lamar,"Sing About Me, I'm Dying of Thirst",original good kid m.A.A.d city album version,Compton / California,narrative; concept-album; message,Multiple narrated voices moral argument and album-scale form,selected_main_route,verified_musicbrainz,https://musicbrainz.org/recording/f0fc2708-edfa-431c-80bd-305796cc5a48,resolved_exact,https://soundcloud.com/kendrick-lamar-music/sing-about-me-im-dying-of,252602454,Kendrick Lamar,723710,subscriber_catalog,"Structured SoundCloud catalog metadata matches artist, title, and intended unaltered version.",track-172,Long-form anchor
173,HH10,2014,Run the Jewels featuring Zack de la Rocha,Close Your Eyes (And Count to F***),original RTJ2 version,United States,political; industrial; duo,Physical production and adversarial political exchange,selected_main_route,verified_soundcloud_catalog,https://soundcloud.com/runthejewels/close-your-eyes-and-count-to,resolved_exact,https://soundcloud.com/runthejewels/close-your-eyes-and-count-to,257948122,Run The Jewels,234187,open_or_monetized,Artist-catalog RTJ2 recording; a later live performance was rejected.,track-173,Explicit title preserved
174,HH10,2012,Death Grips,Get Got,original The Money Store album version,Sacramento / California,industrial; experimental; punk-exchange,Compressed vocal percussion noise and genre collision,selected_main_route,verified_musicbrainz,https://musicbrainz.org/recording/2c6afd59-957e-4f43-b05b-ee4bf1f9ad2f,resolved_exact,https://soundcloud.com/deathgrips/get-got,263260577,deathgrips,171952,subscriber_catalog,"Structured SoundCloud catalog metadata matches artist, title, and intended unaltered version.",track-174,Boundary route
175,HH10,2016,Danny Brown,Ain't It Funny,original Atrocity Exhibition version,Detroit,experimental; narrative; post-punk-sample,Addiction narrative inside deliberately destabilizing production,selected_main_route,verified_musicbrainz,https://musicbrainz.org/recording/36ced781-193d-42d8-b7fc-4738739ac6f1,resolved_exact,https://soundcloud.com/danny-brown-official/aint-it-funny,277657702,Danny Brown,177058,open_or_monetized,"Structured SoundCloud catalog metadata matches artist, title, and intended unaltered version.",track-175,Potentially strong Tom challenge
176,HH10,2015,Earl Sweatshirt,Grief,original I Don't Like Shit album version,Los Angeles,abstract; lo-fi; introspective,Depressive spatial production and fractured writing,selected_main_route,verified_musicbrainz,https://musicbrainz.org/recording/bdf84d95-ff70-44ed-bae4-b5fea3f6503c,resolved_exact,https://soundcloud.com/earlxsweatshirtmusic/grief,257061953,Earl Sweatshirt,250671,subscriber_catalog,"Structured SoundCloud catalog metadata matches artist, title, and intended unaltered version.",track-176,Compare to earlier internet persona
177,HH10,2015,Vince Staples,Norf Norf,original Summertime '06 album version,Long Beach / California,West-Coast; minimal; street-reportage,Dry documentary voice over skeletal modern production,selected_main_route,verified_musicbrainz,https://musicbrainz.org/recording/9c649ce0-ea55-44f6-b84f-974c997c36ee,resolved_exact,https://soundcloud.com/vince-staples-official/norf-norf-1,253598376,Vince Staples,183615,subscriber_catalog,"Structured SoundCloud catalog metadata matches artist, title, and intended unaltered version.",track-177,Canonical modern lyricism
178,HH10,2016,Rapsody,Crown,original Crown EP version,North Carolina,women; lyrical; political,Contemporary lyricism Black womanhood and historical address,selected_main_route,verified_musicbrainz,https://musicbrainz.org/recording/74167677-2628-4181-895d-c344ad0898bf,resolved_exact,https://soundcloud.com/laflarehiphop/crown,294001555,la flare,193167,open_or_monetized,"Structured SoundCloud catalog metadata matches artist, title, and intended unaltered version.",track-178,Exact EP master
179,HH10,2014,J. Cole,Love Yourz,original 2014 Forest Hills Drive album version,North Carolina,lyrical; message; mainstream,A mainstream moral argument about desire success and sufficiency,selected_main_route,verified_musicbrainz,https://musicbrainz.org/recording/42600c98-f2e7-44d5-a90a-ee02f1a149c5,resolved_exact,https://soundcloud.com/j-cole/love-yourz,412975863,J. Cole,211540,subscriber_catalog,"Structured SoundCloud catalog metadata matches artist, title, and intended unaltered version.",track-179,Potential Tom route
180,HH10,2011,Azealia Banks featuring Lazy Jay,212,original single version,Harlem / New York,women; queer; house-exchange,Rap-house exchange virtuoso rhythmic switching and queer club energy,selected_main_route,verified_soundcloud_catalog,https://soundcloud.com/azealia-fm/212a,resolved_exact,https://soundcloud.com/azealia-fm/212a,1376790595,AZEALIA BANKS,203677,open_or_monetized,"Structured SoundCloud catalog metadata matches artist, title, and intended unaltered version.",track-180,Explicit; artist controversies separate from track function
181,HH10,2015,Skepta,Shutdown,original single version,London / United Kingdom,grime; MC; independence,Grime resurgence and UK independence,selected_main_route,verified_musicbrainz,https://musicbrainz.org/recording/bb138d71-b434-4e87-9478-dd357776003b,resolved_exact,https://soundcloud.com/skepta/shutdown-1,270339217,SKEPTA,188918,open_or_monetized,"Structured SoundCloud catalog metadata matches artist, title, and intended unaltered version.",track-181,Neighbor comparison not rap subsumption
182,HH10,2012,Canserbero,Jeremías 17:5,original Muerte album version,Venezuela,Venezuelan-rap; Spanish-language; political,Venezuelan independent lyricism and philosophical social critique,selected_main_route,metadata_source_incomplete,https://musicbrainz.org/ws/2/recording/?query=recording%3A%22Jerem%C3%ADas+17%3A5%22+AND+artist%3A%22Canserbero%22&fmt=json&limit=8,resolved_exact_unofficial,https://soundcloud.com/drob-08/jeremias-17-5-canserbero,185409694,D`RoB-08,326117,open_or_monetized,Full user upload matches the album recording; live and instrumental versions were rejected.,track-182,Translation and version audit
183,HH10,2015,PNL,Le monde ou rien,original Le Monde Chico album version,Paris / France,French-rap; cloud; Auto-Tune,French cloud atmosphere family authorship and autonomous image,selected_main_route,verified_musicbrainz,https://musicbrainz.org/recording/9f511e90-11ec-431c-a2fc-599bb8f5d459,resolved_exact,https://soundcloud.com/pnlpart2/le-monde-ou-rien-3,1017922789,PNL,226142,open_or_monetized,"Structured SoundCloud catalog metadata matches artist, title, and intended unaltered version.",track-183,Translation/context needed
184,HH10,2011,"Tyler, the Creator",Yonkers,original Goblin album version,Los Angeles,Odd-Future; internet; persona; minimal,Internet collective shock aesthetics stark production and authored visual persona,selected_main_route,verified_musicbrainz,https://musicbrainz.org/recording/07520c4d-77cd-4d91-a3c4-7c9d476cab87,resolved_exact,https://soundcloud.com/tylerthecreatorofficial/yonkers,265550967,"Tyler, The Creator",249365,subscriber_catalog,"Structured SoundCloud catalog metadata matches artist, title, and intended unaltered version.",track-184,Contextualize slurs and provocation
185,HH10,2016,Okmalumkoolkat,Gqi,original Mlazi Milano album version,Durban / South Africa,South-African-rap; electronic; language,Zulu-inflected futurism and local electronic exchange,selected_main_route,verified_musicbrainz,https://musicbrainz.org/recording/517e7334-c5df-4375-98df-6a7e9deba8f9,resolved_exact_unofficial,https://soundcloud.com/smilinobserver/gqi-w-okmalumkoolkat,1654917822,Nightmare Henry,187376,open_or_monetized,User upload names the artist and intended title; no artist-controlled upload was found.,track-185,Metadata/language audit
186,HH10,2015,Keith Ape featuring JayAllDay Loota Okasian and Kohh,It G Ma,original single version,South Korea / Japan,Asian-rap; trap; multilingual,Multilingual regional collaboration and viral transpacific circulation,selected_main_route,verified_musicbrainz,https://musicbrainz.org/recording/702412e3-2647-48e8-919f-c17219bf39a2,resolved_exact,https://soundcloud.com/keithape/keith-ape-it-g-ma-feat-jayallday-loota-okasian-kohh,184286258,KeithApe'22⊕,322485,open_or_monetized,Artist upload of the original single.,track-186,Full credit and cultural-context audit
187,HH11,2016,XXXTentacion,Look at Me!,original SoundCloud upload/master,South Florida,SoundCloud-rap; distortion; short-form,Clipping distortion brevity and platform virality,selected_main_route,verified_musicbrainz,https://musicbrainz.org/recording/de92c98a-c725-4612-a1e3-2b87d2405b48,resolved_exact,https://soundcloud.com/jahseh-onfroy/look-at-me,1595597859,XXXTENTACION,126407,open_or_monetized,"Structured SoundCloud catalog metadata matches artist, title, and intended unaltered version.",track-187,Serious biographical harm context required
188,HH11,2017,Lil Uzi Vert,XO TOUR Llif3,original commercial single version,Philadelphia,emo-rap; melody; trap,Melodic affect and arena-scale internet generation,selected_main_route,verified_musicbrainz,https://musicbrainz.org/recording/d2c4c05c-acfe-46c2-a46c-7950dca19d93,resolved_exact,https://soundcloud.com/liluzivert/xo-tour-llif3-1,313999085,Lil Uzi Vert,182706,open_or_monetized,"Structured SoundCloud catalog metadata matches artist, title, and intended unaltered version.",track-188,Compare initial SoundCloud version if materially different
189,HH11,2017,Playboi Carti,Magnolia,original Playboi Carti mixtape version,Atlanta / New York,minimal-vocal; trap; Pi'erre,Ad-lib voice repetition and producer tag as architecture,selected_main_route,verified_musicbrainz,https://musicbrainz.org/recording/75a38235-5db3-4545-bd4c-e4de9baee068,resolved_exact,https://soundcloud.com/playboicarti/magnolia-1,317594712,playboicarti,181907,open_or_monetized,"Structured SoundCloud catalog metadata matches artist, title, and intended unaltered version.",track-189,Canonical platform-era form
190,HH11,2017,Juice WRLD,Lucid Dreams,original single/Goodbye album version,Chicago,emo-rap; melody; sample,Freestyle-derived melodic confession and sample dependence,selected_main_route,verified_musicbrainz,https://musicbrainz.org/recording/19c232bc-1960-4df2-bbc9-7742b7180a7f,resolved_exact,https://soundcloud.com/uiceheidd/lucid-dreams-forget-me,328259811,Juice WRLD,239882,open_or_monetized,"Structured SoundCloud catalog metadata matches artist, title, and intended unaltered version.",track-190,Version and sample-cleared master verify
191,HH11,2017,Lil Peep,Benz Truck (гелик),original Come Over When You're Sober Pt. 1 version,Long Island / Los Angeles,emo-rap; guitar; SoundCloud,Guitar emo lineage and SoundCloud intimacy,selected_main_route,verified_musicbrainz,https://musicbrainz.org/recording/60871e52-3627-4c18-9965-2befa01bb024,resolved_exact,https://soundcloud.com/user-371417929/benz-truck-gelik-lil-peep,888975970,☆Peep☆,160026,open_or_monetized,"Structured SoundCloud catalog metadata matches artist, title, and intended unaltered version.",track-191,Title typography and original upload verify
192,HH11,2016,Travis Scott featuring Kendrick Lamar,goosebumps,original Birds in the Trap Sing McKnight version,Houston,psychedelic-trap; producer-auteur; mainstream,Atmospheric trap as large-scale producer-performer world building,selected_main_route,verified_musicbrainz,https://musicbrainz.org/recording/05b394e8-3b2c-4cc4-9a2c-cbe2814d362c,resolved_probable_exact,https://soundcloud.com/cslav34/rthytjty,349869847,Cslav,249780,open_or_monetized,Full user upload matches the original album recording; remixes and unusually long uploads were rejected.,track-192,Feature and album master verify
193,HH11,2018,Noname,Blaxploitation,original Room 25 album version,Chicago,women; spoken-flow; political,Political critique through conversational rhythmic ambiguity,selected_main_route,verified_musicbrainz,https://musicbrainz.org/recording/6f47c710-4e86-4821-b2b7-c5e90c5da127,resolved_exact,https://soundcloud.com/noname84333/blaxploitation,1418154601,Noname,133094,open_or_monetized,"Structured SoundCloud catalog metadata matches artist, title, and intended unaltered version.",track-193,Likely Tom route
194,HH11,2019,Tierra Whack,Unemployed,original single version,Philadelphia,women; experimental; visual,Comic grotesque imagery and compact formal invention,selected_main_route,verified_musicbrainz,https://musicbrainz.org/recording/f86e9d1d-4978-438d-a695-ef50d43e332b,resolved_exact,https://soundcloud.com/tierrawhack/unemployed,589243494,Tierra Whack,168740,open_or_monetized,"Structured SoundCloud catalog metadata matches artist, title, and intended unaltered version.",track-194,Pair with Whack World in prose
195,HH11,2016,Young M.A,OOOUUU,original single version,Brooklyn / New York,women; queer; street-rap,Queer woman authority inside mainstream street-rap grammar,selected_main_route,verified_musicbrainz,https://musicbrainz.org/recording/ff740487-b0cd-44b4-9d3a-5261f47737da,resolved_exact,https://soundcloud.com/youngma/ooouuu,574121049,Young M.A,228618,open_or_monetized,"Structured SoundCloud catalog metadata matches artist, title, and intended unaltered version.",track-195,Canonical
196,HH11,2019,Dave,Black,original Psychodrama album version,London / United Kingdom,UK-rap; political; piano,Black British historical argument and perspective changes,selected_main_route,verified_musicbrainz,https://musicbrainz.org/recording/6e291e1f-0dc3-4e7e-8f8b-1cd9f89cd966,resolved_exact,https://soundcloud.com/santandave/black,586567077,Dave,228310,open_or_monetized,"Structured SoundCloud catalog metadata matches artist, title, and intended unaltered version.",track-196,Album versus BRIT performance distinction
197,HH11,2019,Little Simz,Venom,original GREY Area album version,London / United Kingdom,women; lyrical; experimental,Controlled technical escalation and producer partnership,selected_main_route,verified_musicbrainz,https://musicbrainz.org/recording/2472ebf2-e761-44b0-ac27-e88b83f0a429,resolved_exact,https://soundcloud.com/littlesimz/venom-1,533892180,Little Simz,154776,open_or_monetized,"Structured SoundCloud catalog metadata matches artist, title, and intended unaltered version.",track-197,Likely Tom route
198,HH11,2017,Cardi B,Bodak Yellow,original single/Invasion of Privacy version,Bronx / New York,women; mainstream; trap,Woman-led mainstream breakthrough through forceful speech rhythm,selected_main_route,verified_musicbrainz,https://musicbrainz.org/recording/91341a83-c7ba-4204-853d-46c74e3eab15,resolved_exact,https://soundcloud.com/iamcardib/bodak-yellow-1,329405148,Cardi B,223765,open_or_monetized,"Structured SoundCloud catalog metadata matches artist, title, and intended unaltered version.",track-198,Single and album master compare
199,HH11,2019,Sampa the Great,Final Form,original single/The Return version,Zambia / Botswana / Australia,African-diaspora; women; political,Diasporic self-definition and live-funk production,selected_main_route,verified_musicbrainz,https://musicbrainz.org/recording/2046c50f-bb7f-4dee-8b5c-b7b80d45b3dc,resolved_exact,https://soundcloud.com/sampa-tembo/final_form,632037084,Sampa The Great,216861,open_or_monetized,"Structured SoundCloud catalog metadata matches artist, title, and intended unaltered version.",track-199,Version verify
200,HH11,2018,Nasty C,Strings and Bling,original album version,Durban / South Africa,South-African-rap; melodic; mainstream,African mainstream rap craft and melodic range,selected_main_route,verified_musicbrainz,https://musicbrainz.org/recording/f45323a4-ee62-46c5-a550-6cc3d36f182f,resolved_exact,https://soundcloud.com/ivour/strings-and-bling,467650848,Nasty C,224150,subscriber_catalog,"Structured SoundCloud catalog metadata matches artist, title, and intended unaltered version.",track-200,Avoid tokenizing as national representative
201,HH11,2019,Pop Smoke,Dior,original Meet the Woo version,Brooklyn / New York,Brooklyn-drill; UK-producer-circuit; street,Brooklyn drill's reciprocal production circuit with the United Kingdom,selected_main_route,verified_musicbrainz,https://musicbrainz.org/recording/b7d9decd-2730-4ef5-99b4-60b41f647cf8,resolved_exact,https://soundcloud.com/biggavelipro/dior,656255261,POP SMOKE,216424,open_or_monetized,"Structured SoundCloud catalog metadata matches artist, title, and intended unaltered version.",track-201,Original mixtape master and producer credit
202,HH11,2016,Mare Advertencia Lirika,Libres y Vivas,original version,Oaxaca / Mexico,women; Indigenous; political; Spanish,Indigenous woman political rap and local movement infrastructure,selected_main_route,verified_musicbrainz,https://musicbrainz.org/recording/96981b30-dcb4-40a3-a276-6b733e5e320a,resolved_exact,https://soundcloud.com/mareadvertencialirika/libres-y-vivas,1832741526,Mare Advertencia Lirika,171024,open_or_monetized,"Structured SoundCloud catalog metadata matches artist, title, and intended unaltered version.",track-202,Exact release/date/language context verify
203,HH12,2023,billy woods and Kenny Segal,Soft Landing,original Maps album version,New York / Los Angeles,abstract; producer-MC; narrative,Elliptical travel writing and producer-MC world building,selected_main_route,verified_soundcloud_catalog,https://soundcloud.com/billywoods-music/soft-landing,resolved_exact,https://soundcloud.com/billywoods-music/soft-landing,1471302037,Billy Woods,173688,open_or_monetized,"Structured SoundCloud catalog metadata matches artist, title, and intended unaltered version.",track-203,Contemporary connoisseur anchor
204,HH12,2020,Boldy James and The Alchemist,Brickmile to Montana,original The Price of Tea in China version,Detroit / Los Angeles,underground; producer-MC; street,Minimal producer-MC revival and elliptical Detroit street writing,selected_main_route,verified_soundcloud_catalog,https://soundcloud.com/boldyjames/boldy-james-the-alchemist-7,resolved_exact,https://soundcloud.com/boldyjames/boldy-james-the-alchemist-7,1108967089,Boldy James,160183,open_or_monetized,"Structured SoundCloud catalog metadata matches artist, title, and intended unaltered version.",track-204,Version verify
205,HH12,2022,Kendrick Lamar,The Heart Part 5,original single version,Compton / California,political; persona; video,Shifting public persona grief responsibility and visual text,selected_main_route,verified_musicbrainz,https://musicbrainz.org/recording/75f23da0-114a-4cc1-9d94-0ba018018a89,resolved_exact,https://soundcloud.com/kendrick-lamar-music/the-heart-part-5,1264605370,Kendrick Lamar,332408,open_or_monetized,"Structured SoundCloud catalog metadata matches artist, title, and intended unaltered version.",track-205,Video context is integral
206,HH12,2022,JID featuring Kenny Mason,Dance Now,original The Forever Story version,Atlanta,lyrical; modern-South; rhythm,Contemporary technical flow within Southern lineage,selected_main_route,verified_musicbrainz,https://musicbrainz.org/recording/51283228-db70-4101-a48f-1e7322902b01,resolved_exact,https://soundcloud.com/jidsv/dance-now,1317758944,JID,227605,open_or_monetized,"Structured SoundCloud catalog metadata matches artist, title, and intended unaltered version.",track-206,Feature and sample credits
207,HH12,2024,Doechii,Nissan Altima,original Alligator Bites Never Heal version,Florida,women; queer; mixtape-form; battle,Rapid flow switches humor and modern mixtape framing,selected_main_route,verified_musicbrainz,https://musicbrainz.org/recording/c24f8a4a-456e-489c-8a6a-44ee1c8e39b8,resolved_exact,https://soundcloud.com/iam-doechii/doechii-nissan-altima,1886070702,Doechii,128183,open_or_monetized,"Structured SoundCloud catalog metadata matches artist, title, and intended unaltered version.",track-207,Current judgment remains provisional
208,HH12,2025,Clipse featuring John Legend and Voices of Fire,The Birds Don't Sing,original Let God Sort Em Out album version,Virginia Beach / Virginia,duo; lyrical; mourning; producer-auteur,"An elder duo's return joins familial mourning, moral reflection, and Pharrell production continuity",selected_main_route,verified_soundcloud_catalog,https://soundcloud.com/clipse-official/the-birds-dont-sing,resolved_exact,https://soundcloud.com/clipse-official/the-birds-dont-sing,2128519518,Clipse,240640,open_or_monetized,Artist-controlled Clipse upload matches the 2025 album recording.,track-208,Current endpoint; official catalog
209,HH12,2022,MIKE,Nuthin I can do is Wrng,original Beware of the Monkey version,New York,abstract; lo-fi; independent,Compressed sample collage self-production and independent ecosystem,selected_main_route,verified_artist_or_label,https://mikelikesrap.bandcamp.com/track/nuthin-i-can-do-is-wrng,resolved_exact_unofficial,https://soundcloud.com/user-707931108/mike-nuthin-i-can-do-is-wrng,1362481045,",,,Bob",124839,open_or_monetized,Track-length user upload matches the artist/label Bandcamp master; the SoundCloud album upload was not used as a playlist item.,track-209,Artist Bandcamp verifies title album date and production credit
210,HH12,2021,Babyface Ray,Paperwork Party,original Unfuckwitable version,Detroit,Detroit; conversational-flow; street,Off-center conversational rhythm in modern Detroit rap,selected_main_route,verified_musicbrainz,https://musicbrainz.org/recording/a16b0b3d-adcb-4d94-92a1-e8845441866c,resolved_exact,https://soundcloud.com/miababyfaceray/paperwork-party,1897391019,Babyface Ray,176483,open_or_monetized,"Structured SoundCloud catalog metadata matches artist, title, and intended unaltered version.",track-210,Version verify
211,HH12,2021,Yeat,Gët Busy,original Up 2 Më version,Oregon / internet,rage; plugg-descendant; vocal-timbre,Rage synthesis vocal neologism and internet producer networks,selected_main_route,verified_musicbrainz,https://musicbrainz.org/recording/db19df2b-564e-4112-b0d8-d2dbd067d1f0,resolved_exact,https://soundcloud.com/lilyeat/get-busy-2,1117967131,Yeat,157806,open_or_monetized,"Structured SoundCloud catalog metadata matches artist, title, and intended unaltered version.",track-211,Diacritics and original master verify
212,HH12,2022,GloRilla and Hitkidd,F.N.F. (Let's Go),original single version,Memphis,women; Memphis; anthem,Memphis woman-led breakout and chant architecture,selected_main_route,verified_soundcloud_catalog,https://soundcloud.com/hitkidd/f-n-f-lets-go,resolved_exact,https://soundcloud.com/hitkidd/f-n-f-lets-go,1261791385,Hitkidd,137613,open_or_monetized,"Structured SoundCloud catalog metadata matches artist, title, and intended unaltered version.",track-212,Use original rather than later remix
213,HH12,2020,Headie One featuring AJ Tracey and Stormzy,Ain't It Different,original Edna album version,London / United Kingdom,UK-drill; collaboration; sample,UK drill's mainstream integration and cross-generational MC exchange,selected_main_route,verified_musicbrainz,https://musicbrainz.org/recording/02da71ec-9712-4012-8feb-d336a6858da5,resolved_exact,https://soundcloud.com/headieone/headie-one-feat-aj-tracey-1,874631242,Headie One,196415,open_or_monetized,"Structured SoundCloud catalog metadata matches artist, title, and intended unaltered version.",track-213,Feature and sample audit
214,HH12,2024,Kneecap,Sick In The Head,original Fine Art album version,Belfast / Ireland,Irish-language; political; global,Irish-English rap satire local identity and album-scale scene breakthrough,selected_main_route,verified_artist_or_label,https://kneecap.bandcamp.com/album/fine-art,resolved_exact,https://soundcloud.com/kneecapmusic/sick-in-the-head,2095797429,KNEECAP,152242,subscriber_catalog,Artist-catalog album recording; the later soundtrack entry and remix were rejected.,track-214,Artist Bandcamp verifies the 2024 recording and album
215,HH12,2021,Lala &ce,Show Me Love,original Everything Tasteful version,France / Côte d'Ivoire diaspora,women; queer; French-rap; cloud,Queer diasporic French rap and atmospheric vocal form,selected_main_route,verified_musicbrainz,https://musicbrainz.org/recording/c7c52871-26f5-4e86-b976-9fbedd242e05,resolved_exact,https://soundcloud.com/lala-ace-667/show-me-love,947396872,lala &ce,161567,open_or_monetized,"Structured SoundCloud catalog metadata matches artist, title, and intended unaltered version.",track-215,Translation/context required
216,HH12,2022,Black Sherif,Kwaku the Traveller,original single/The Villain I Never Was version,Ghana,Ghanaian-rap; melodic; global,Ghanaian narrative voice between rap and local popular music,selected_main_route,verified_musicbrainz,https://musicbrainz.org/recording/b28a454c-1e0c-4255-be17-9a8344f5bc6e,resolved_exact,https://soundcloud.com/blacksherif/kweku-the-traveler,1229321974,Black Sherif,185391,open_or_monetized,"Structured SoundCloud catalog metadata matches artist, title, and intended unaltered version.",track-216,Boundary and version audit
217,HH12,2021,Blxckie,Ye x4,original B4Now version,Durban / South Africa,South-African-rap; trap; multilingual,South African melodic trap localization and youth scene,selected_main_route,verified_musicbrainz,https://musicbrainz.org/recording/f7b52b68-efd6-4e0a-b2b2-203736b3f767,resolved_exact,https://soundcloud.com/blxckie/ye-x4,1074273490,blxckie,165486,subscriber_catalog,"Structured SoundCloud catalog metadata matches artist, title, and intended unaltered version.",track-217,Language/metadata audit
218,HH12,2023,MC Yallah and Debmaster,Sikwebela,original Yallah Beibe version,Uganda / Kenya,women; African-hip-hop; experimental,Multilingual flow and East African experimental producer circuit,selected_main_route,verified_artist_or_label,https://hakunakulala.bandcamp.com/track/sikwebela,resolved_exact,https://soundcloud.com/user-724951916/sikwebela,1442001652,Mc Yallah,149342,open_or_monetized,"Structured SoundCloud catalog metadata matches artist, title, and intended unaltered version.",track-218,Label Bandcamp verifies title date album and Debmaster production
219,HH12,2020,Barkaa,King Brown,original single version,Malyangapa / Australia,women; Indigenous; Australian-rap; political,Indigenous Australian woman authority and anti-colonial local scene,selected_main_route,verified_musicbrainz,https://musicbrainz.org/recording/50bd13f4-7155-4cb4-bb01-d43b83567d2b,resolved_exact,https://soundcloud.com/user-824082232/king-brown,1079881252,BARKAA,185731,open_or_monetized,"Structured SoundCloud catalog metadata matches artist, title, and intended unaltered version.",track-219,Identity terminology and version audit
220,HH12,2020,Seedhe Maut,Namastute,original single version,Delhi / India,Indian-rap; Hindi; duo,Hindi duo interplay and independent Indian scene scale,selected_main_route,verified_musicbrainz,https://musicbrainz.org/recording/7c3b0ffb-498d-4236-a8e6-3503988c9c06,resolved_exact,https://soundcloud.com/azadirecords/namastute-seedhe-maut,986769208,Azadi Records,120216,open_or_monetized,"Structured SoundCloud catalog metadata matches artist, title, and intended unaltered version.",track-220,Production and translation notes required
